District,ELA_Proficiency,ELA_Proficiency_LowIncome,ELA_Proficiency_CWD,Math_Proficiency,Math_Proficiency_LowIncome,Math_Proficiency_CWD,Science_Proficiency,Science_Proficiency_LowIncome,Science_Proficiency_CWD
A-C CENTRAL CUSD 262,56.5,50.0,,43.5,,,,,
ABINGDON-AVON CUSD 276,52.0,38.6,,45.8,29.7,,45.8,,
ACE AMANDLA CHARTER SCHOOL,,,,,,,,,
ADDISON SD 4,40.028571428571425,34.42857142857143,25.0,30.214285714285715,25.657142857142855,25.0,34.980000000000004,33.86666666666667,
AKIN CCSD 91,68.9,60.0,,57.4,48.6,,57.1,,
ALBERS SD 63,66.0,,,56.0,,,63.0,,
ALDEN HEBRON SD 19,60.2,62.2,,53.0,56.8,,59.1,,
ALLEN-OTTER CREEK CCSD 65,38.5,,,33.8,,,58.8,,
ALLENDALE CCSD 17,51.1,41.9,,27.3,,,40.0,,
ALSIP-HAZLGRN-OAKLWN SD 126,49.23333333333333,43.800000000000004,,27.8,23.766666666666666,,31.0,18.9,
ALTAMONT CUSD 10,62.2,60.0,21.1,45.9,41.6,19.3,48.1,49.0,
ALTON CUSD 11,33.666666666666664,24.233333333333334,17.8,26.566666666666666,18.8,16.6,22.266666666666666,18.8,24.4
ALWOOD CUSD 225,57.9,52.8,,43.4,33.3,,44.0,,
AMBOY CUSD 272,55.7,42.9,,58.8,53.1,50.0,,,
ANNA CCSD 37,50.8,47.2,,50.0,40.3,,,,
ANNAWAN CUSD 226,75.9,69.8,,50.7,44.9,,52.9,,
ANTIOCH CCSD 34,55.6,38.3,29.433333333333334,47.4,29.200000000000003,26.0,48.06666666666666,32.6,48.1
APTAKISIC-TRIPP CCSD 102,72.0,48.9,34.7,69.86666666666666,34.8,33.3,69.4,40.0,34.2
ARBOR PARK SD 145,39.6,35.5,,36.3,30.4,,,,
ARCOLA CUSD 306,42.2,28.2,21.8,26.2,14.7,,40.9,38.5,
ARGENTA-OREANA CUSD 1,51.9,38.2,,40.9,27.5,,40.0,35.6,
ARLINGTON HEIGHTS SD 25,73.05714285714285,50.1,46.6,71.7,49.349999999999994,45.400000000000006,67.25714285714285,,48.95
ARMSTRONG-ELLIS CONS SD 61,63.3,53.6,,31.7,,,60.0,,
ARTHUR CUSD 305,47.43333333333334,36.86666666666667,31.4,34.63333333333333,26.96666666666667,31.4,37.5,,
ASHLEY CCSD 15,44.9,39.5,,33.3,28.9,,41.2,,
ASHTON-FRANKLIN CENTER CUSD 275,42.6,44.3,,31.9,29.0,,44.4,,
ASTORIA CUSD 1,47.6,40.0,,30.2,30.0,,91.7,,
ATHENS CUSD 213,68.85,54.650000000000006,,63.5,45.75,,54.7,,
ATWOOD HEIGHTS SD 125,31.7,27.6,20.4,20.1,19.4,,38.9,45.0,
AUBURN CUSD 10,37.0,29.5,,27.6,20.2,,36.6,32.4,
AURORA EAST USD 131,27.26923076923077,27.083333333333332,77.3,18.03076923076923,18.172727272727272,47.6,36.25,53.833333333333336,
AURORA WEST USD 129,31.839999999999996,22.52,25.0,29.65,20.61,24.5,33.2375,23.566666666666666,
AVISTON SD 21,80.4,50.0,38.6,75.1,,27.3,66.3,,
AVOCA SD 37,88.2,80.8,64.5,76.9,57.7,51.6,70.4,,
BALL CHATHAM CUSD 5,69.7,54.7,36.050000000000004,60.6,40.025,33.125,48.1,20.3,20.0
BANNOCKBURN SD 106,86.7,,,81.4,,,70.3,,
BARRINGTON CUSD 220,75.9875,62.10000000000001,60.528571428571425,66.85,43.54,51.871428571428574,69.78571428571429,,68.66666666666667
BARTELSO SD 57,86.8,,84.6,68.6,,,74.4,,
BARTONVILLE SD 66,34.6,28.2,,15.5,,,,,
BATAVIA USD 101,65.81666666666666,42.73333333333333,44.23333333333333,65.89999999999999,40.333333333333336,42.68333333333334,54.25,,54.2
BEACH PARK CCSD 3,29.25,24.925,,20.025000000000002,18.533333333333335,,20.075,,
BEARDSTOWN CUSD 15,12.0,10.5,,16.4,15.8,,,,
BEECHER CITY CUSD 20,54.9,52.2,,50.0,47.8,,42.3,,
BEECHER CUSD 200U,74.0,62.9,40.0,45.6,33.0,19.7,38.5,,
BELLE VALLEY SD 119,47.7,42.3,8.4,24.7,19.3,,37.6,29.7,
BELLEVILLE SD 118,47.0875,42.1125,25.400000000000002,31.3125,25.8125,27.9,38.55,33.325,
BELLWOOD SD 88,32.15,32.275,,21.200000000000003,21.275,,23.3,23.6,
BELVIDERE CUSD 100,36.25,29.833333333333332,,33.199999999999996,25.866666666666664,22.2,32.71666666666667,23.299999999999997,
BEMENT CUSD 5,52.6,51.5,,45.6,45.5,,61.1,,
BENJAMIN SD 25,59.0,,,62.1,,,,,
BENSENVILLE SD 2,42.349999999999994,33.95,28.1,34.45,25.2,19.3,31.549999999999997,20.299999999999997,
BENTON CCSD 47,43.9,38.9,27.3,32.0,28.0,19.7,,,
BERKELEY SD 87,31.75,30.25,,28.35,25.950000000000003,21.9,18.55,15.45,
BERWYN NORTH SD 98,49.1,47.833333333333336,27.95,38.9,36.666666666666664,24.0,28.599999999999998,26.433333333333334,
BERWYN SOUTH SD 100,44.75,39.766666666666666,,37.833333333333336,34.36666666666667,,37.019999999999996,33.833333333333336,
BETHALTO CUSD 8,42.85,32.0,25.8,35.5,28.4,,38.8,27.3,
BETHEL SD 82,48.5,45.2,,30.0,27.8,,35.1,,
BETTY SHABAZZ INTERNATIONAL CHARTER SCHOOL,44.3,44.3,,20.95,20.95,,25.2,25.2,
BIG HOLLOW SD 38,42.4,29.1,,40.4,28.4,,,,
BISMARCK HENNING CUSD,33.9,17.9,,41.5,28.6,,,,
BLOOMINGDALE SD 13,72.75,63.2,34.4,58.75,52.6,44.6,61.75,,
BLOOMINGTON SD 87,38.6,30.116666666666664,24.5,28.5,20.616666666666667,26.8,40.675000000000004,46.55,
BLUE RIDGE CUSD 18,48.849999999999994,43.6,30.8,38.3,30.65,15.4,30.5,27.3,
BLUFORD UNIT SCHOOL DISTRICT 318,38.7,26.9,,19.1,,,24.0,,
BOND COUNTY CUSD 2,65.6,56.150000000000006,27.1,44.349999999999994,35.95,,56.6,43.9,
BOURBONNAIS SD 53,50.625,43.06666666666666,33.75,49.475,39.1,34.2,32.9,27.4,25.8
BRACEVILLE SD 75,27.3,30.8,,18.4,,,,,
BRADFORD CUSD 1,58.8,53.3,,54.9,46.7,,,,
BRADLEY SD 61,41.1,36.9,19.1,28.6,27.4,18.1,31.0,31.7,
BREESE ESD 12,78.0,69.4,29.4,53.9,40.9,,46.2,,
BRIMFIELD CUSD 309,54.7,32.1,,45.5,20.4,,54.2,,
BROOKFIELD LAGRANGE PARK SD 95,62.6,46.3,26.3,47.1,26.3,20.0,46.6,,34.4
BROOKLYN UD 188,,,,,,,,,
BROOKWOOD SD 167,27.0,25.2,,23.4,18.6,,16.9,17.6,
BROWN COUNTY CUSD 1,42.7,28.3,,46.3,30.4,,,,
BROWNSTOWN CUSD 201,47.0,38.4,,24.2,20.5,,26.3,,
BRUSSELS CUSD 42,,,,,,,,,
BUNCOMBE CONS SD 43,37.5,37.8,,30.0,29.7,,,,
BUNKER HILL CUSD 8,56.5,43.2,,22.4,14.4,,54.8,34.2,
BURBANK SD 111,48.98333333333333,47.550000000000004,,33.166666666666664,30.866666666666664,,28.316666666666666,26.1,
BUREAU VALLEY CUSD 340,62.0,53.5,30.9,47.2,33.0,16.4,53.8,41.9,
BURNHAM SD 154-5,37.1,37.2,,19.6,20.2,,,,
BUSHNELL PRAIRIE CITY CUSD 170,17.6,,,16.7,,,,,
BUTLER SD 53,84.6,,45.8,79.9,,62.5,87.5,,
BYRON CUSD 226,68.9,58.0,25.0,70.5,58.0,32.1,63.0,58.1,
CAHOKIA CUSD 187,15.233333333333333,13.200000000000001,,8.733333333333334,9.3,,,,
CAIRO USD 1,,,,,,,,,
CALHOUN CUSD 40,45.7,32.0,,40.1,33.3,32.3,39.0,33.3,
CALUMET CITY SD 155,20.1,21.0,,13.4,13.8,,,,
CALUMET PUBLIC SD 132,31.45,33.75,,7.9,,,13.4,,
CAMBRIDGE CUSD 227,71.0,72.1,,61.3,55.8,,67.7,,
CANTON UNION SD 66,48.36666666666667,36.36666666666667,,50.03333333333333,39.833333333333336,,,,
CARBON CLIFF-BARSTOW SD 36,21.7,21.7,,9.6,9.6,,27.3,27.3,
CARBONDALE ESD 95,27.25,19.05,,16.45,8.75,,26.0,12.8,
CARLINVILLE CUSD 1,64.6,58.0,46.0,51.2,41.2,38.0,41.3,31.4,
CARLYLE CUSD 1,54.7,45.1,,51.4,41.5,,,,
CARMI-WHITE COUNTY CUSD 5,66.19999999999999,51.2,32.7,72.15,63.55,58.7,54.8,32.6,
CARRIER MILLS-STONEFORT CUSD 2,46.2,42.0,,9.7,,,20.0,,
CARROLLTON CUSD 1,35.0,30.3,24.3,25.9,22.2,,30.2,,
CARTERVILLE CUSD 5,71.65,59.15,31.1,68.85,56.85,30.0,52.3,47.0,
CARTHAGE ESD 317,35.6,34.3,,24.1,,,,,
CARY CCSD 26,60.56666666666666,45.300000000000004,30.766666666666666,51.13333333333333,34.4,33.0,52.4,29.4,
CASEY-WESTFIELD CUSD 4C,54.4,48.6,,41.7,28.8,,36.1,,
CASS SD 63,68.2,41.7,36.7,69.3,41.7,,,,
CCSD 146,61.6,52.775,33.349999999999994,51.85,43.05,35.2,37.325,46.2,
CCSD 168,25.6,24.8,,7.6,7.8,,10.7,,
CCSD 180,35.2,33.4,,33.1,31.0,,,,
CCSD 204,48.8,44.4,,28.5,28.9,,47.6,,
CCSD 62,62.14444444444444,53.84444444444445,42.839999999999996,53.8,45.98888888888889,36.975,44.9375,49.833333333333336,
CCSD 89,67.75,44.7,41.0,67.5,35.6,49.699999999999996,57.65,,
CCSD 93,54.028571428571425,37.55714285714286,23.866666666666664,43.285714285714285,28.142857142857142,19.5,48.1,31.849999999999998,
CENTER CASS SD 66,53.2,34.3,29.8,59.8,42.9,33.2,52.8,,
CENTRAL A & M CUD 21,52.5,43.3,,43.9,25.0,,45.2,,
CENTRAL CITY SD 133,58.8,53.8,26.0,30.4,23.8,,48.1,41.0,
CENTRAL CUSD 3,56.3,45.1,,45.2,39.2,,,,
CENTRAL CUSD 301,73.35,56.075,42.725,61.025000000000006,40.6,34.325,60.349999999999994,41.7,
CENTRAL CUSD 4,54.6,48.7,,62.5,60.3,,,,
CENTRAL SD 104,37.2,27.0,,47.8,30.6,,,,
CENTRAL SD 51,68.6,50.199999999999996,38.15,56.9,30.549999999999997,28.35,70.5,50.0,34.6
CENTRAL STICKNEY SD 110,59.9,57.8,,49.4,43.1,,32.1,30.3,
CENTRALIA SD 135,32.7,32.75,13.5,21.95,21.95,,24.0,24.1,
CENTURY CUSD 100,42.9,35.6,,,,,,,
CERRO GORDO CUSD 100,52.8,48.1,,38.7,27.8,,36.8,,
CHADWICK-MILLEDGEVILLE CUSD 399,70.2,66.7,,65.5,61.9,,,,
CHAMPAIGN CUSD 4,36.4,21.433333333333334,25.933333333333334,32.35,17.972727272727273,22.15,37.111111111111114,33.2,
CHANEY-MONGE SD 88,33.1,31.6,,13.9,13.8,,23.8,22.5,
CHANNAHON SD 17,66.5,,30.75,65.9,,39.5,51.0,,
CHARLESTON CUSD 1,47.5,31.65,,36.65,23.200000000000003,,29.5,17.6,
CHESTER CUSD 139,44.8,36.5,20.5,24.9,21.3,,31.0,28.1,
CHESTER-EAST LINCOLN CCSD 61,72.6,61.7,,49.2,41.9,,52.2,40.5,
CHICAGO HEIGHTS SD 170,45.71111111111111,46.24444444444444,,34.31111111111111,34.68888888888889,,36.1,36.1,
CHICAGO PUBLIC SCHOOLS DISTRICT 299,38.706896551724135,34.898060344827584,29.040522875816993,25.35734597156398,21.576691729323308,24.516964285714288,33.74033333333333,27.640167364016737,36.449999999999996
CHICAGO RIDGE SD 127-5,38.75,36.05,24.05,28.6,25.35,22.8,29.4,,
CHRISTOPHER USD 99,51.0,43.2,13.3,15.0,10.8,,48.4,40.8,
CICERO SD 99,32.324999999999996,31.133333333333336,13.8,28.375,27.566666666666666,19.5,25.544444444444444,25.333333333333332,
CISSNA PARK CUSD 6,62.3,45.8,,59.0,45.8,,,,
CLAY CITY CUSD 10,35.7,,,28.6,,,,,
CLINTON CUSD 15,57.2,42.7,26.5,43.0,26.8,25.9,43.9,35.1,
COAL CITY CUSD 1,66.1,56.75,42.9,55.349999999999994,38.150000000000006,28.6,58.5,47.9,
COBDEN SUD 17,55.2,56.7,,39.6,40.0,,56.7,59.3,
COLLINSVILLE CUSD 10,44.8875,39.3375,15.7,40.1625,34.1625,7.4,32.1,22.6,
COLONA SD 190,38.9,39.0,,25.8,22.2,,36.8,,
COLUMBIA CUSD 4,81.3,78.4,40.7,83.7,64.9,51.9,,,
COMM CONS SD 59,45.22727272727273,36.06363636363636,33.54,41.61818181818182,31.218181818181815,37.05,44.85,33.760000000000005,
COMMUNITY UNIT SCHOOL DISTRICT NO 196,52.4,49.0,,37.8,34.3,,49.2,51.3,
COOK COUNTY SD 130,37.542857142857144,32.357142857142854,27.5,27.271428571428572,23.442857142857143,52.4,20.25,18.35,
CORNELL CCSD 426,60.0,40.0,,30.0,,,,,
COULTERVILLE USD 1,31.7,,,48.8,46.4,,,,
COUNTRY CLUB HILLS SD 160,28.4,24.6,,12.2,8.9,,20.0,18.4,
COUNTY OF UNION SCH DIST NO43,79.3,78.0,55.6,58.1,49.0,55.6,49.3,36.8,
COUNTY OF WINNEBAGO SD 320,29.0,30.1,,22.3,31.0,,14.9,,
COWDEN-HERRICK CUSD 3A,75.3,72.7,56.5,50.6,40.9,,67.9,,
CRAB ORCHARD CUSD 3,57.2,51.2,,38.7,26.8,,54.7,,
CRESCENT IROQUOIS CUSD 249,50.0,,,,,,,,
CRESTON CCSD 161,66.0,,,70.2,52.6,,50.0,,
CRETE MONEE CUSD 201U,36.78,32.86,39.3,21.24,18.04,,25.25,14.7,
CREVE COEUR SD 76,40.4,40.3,,27.0,23.6,,,,
CRYSTAL LAKE CCSD 47,56.388888888888886,43.97777777777778,29.58888888888889,44.766666666666666,29.77777777777778,26.299999999999997,45.63333333333333,23.6,
CUMBERLAND CUSD 77,47.5,42.5,,56.0,50.0,,,,
CUSD 200,73.83076923076922,52.00909090909091,49.475,68.34615384615384,46.11,45.81666666666666,57.638461538461534,31.35,50.0
CUSD 201,75.9,67.4,63.5,71.6,54.7,58.1,54.7,36.7,39.3
CUSD 3 FULTON COUNTY,53.8,37.1,,39.7,34.3,,,,
CUSD 300,49.43157894736842,41.38947368421052,25.53846153846154,45.252631578947366,36.13157894736842,26.936363636363637,40.705882352941174,29.55454545454546,39.7
CUSD 308,58.276923076923076,43.607692307692304,28.5,47.43846153846154,31.258333333333336,27.714285714285715,49.26923076923077,44.8,47.8
CUSD 4,60.800000000000004,57.2,28.2,49.099999999999994,41.65,,40.8,32.7,
CYPRESS SD 64,36.7,37.9,,33.3,,,,,
DAKOTA CUSD 201,47.6,37.5,,45.3,39.8,26.2,39.3,,
DALLAS ESD 327,48.4,46.5,,34.4,38.0,,51.6,45.5,
DALZELL SD 98,65.4,,,,,,,,
DAMIANSVILLE SD 62,97.1,,94.1,82.6,,64.7,94.1,,
DANVILLE CCSD 118,25.75,24.083333333333332,,19.666666666666668,17.95,,34.6,,
DARIEN SD 61,62.6,48.4,25.4,58.3,37.5,23.7,41.7,,
DECATUR SD 61,18.57,16.0,,8.7625,6.585714285714286,,21.92,17.55,
DEER CREEK-MACKINAW CUSD 701,68.45,61.25,30.950000000000003,45.55,36.5,,65.4,52.8,
DEER PARK CCSD 82,80.0,,,50.0,,,,,
DEERFIELD SD 109,80.875,69.0,61.175,76.8,,57.75,58.575,,47.96666666666667
DEKALB CUSD 428,26.2875,19.6,14.5,21.85,16.2,,26.225,,
DELAND-WELDON CUSD 57,55.3,52.4,,34.2,,,,,
DELAVAN CUSD 703,40.8,31.0,,25.2,26.2,,39.4,,
DEPUE USD 103,17.2,14.9,,8.6,,,,,
DESOTO CONS SD 86,36.3,31.3,,17.7,,,32.3,,
DIAMOND LAKE SD 76,35.4,20.4,,30.0,15.6,20.4,33.8,20.0,
DIETERICH CUSD 30,70.9,60.0,,67.0,44.0,,76.2,,
DIMMICK COMMUNITY CONSOLIDATED SD #175,66.3,,,38.0,,,38.2,,
DISTRICT 50 SCHOOLS,36.25,25.7,,26.65,20.6,,43.1,35.2,
DIXON USD 170,41.25,33.849999999999994,16.5,41.9,32.0,16.7,32.6,25.5,
DOLTON SD 148,27.2,27.03333333333333,,13.466666666666667,13.383333333333333,,38.5,40.0,
DOLTON SD 149,23.860000000000003,23.64,,14.24,14.14,,,,
DONGOLA USD 66,27.1,27.1,,20.8,20.8,,,,
DONOVAN CUSD 3,61.3,58.5,,65.3,63.4,,63.0,75.0,
DOWNERS GROVE GSD 58,73.36363636363636,45.214285714285715,47.04545454545455,68.23636363636363,36.0,46.29090909090909,63.43636363636363,,50.0
DU QUOIN CUSD 300,52.5,45.150000000000006,,32.8,24.2,,38.7,29.0,
DUNLAP CUSD 323,74.32000000000001,45.35,43.760000000000005,67.66,36.9,38.475,58.5,,47.8
DURAND CUSD 322,66.9,52.0,32.4,59.9,49.3,29.4,43.8,,
DWIGHT COMMON SD 232,47.0,36.2,20.0,26.0,20.8,,44.9,33.3,
EARLVILLE CUSD 9,42.4,45.6,,40.8,37.3,,37.2,,
EAST ALTON SD 13,31.5,27.5,,18.4,14.3,,20.0,,
EAST COLOMA - NELSON CESD 20,65.7,52.6,,37.1,27.6,,59.1,,
EAST DUBUQUE USD 119,71.7,60.2,,59.2,48.4,,60.0,,
EAST MAINE SD 63,44.68,36.06,34.9,40.18,30.74,30.2,40.3,35.025,
EAST MOLINE SD 37,27.65,25.900000000000002,,18.9,17.733333333333334,,,,
EAST PEORIA SD 86,41.53333333333333,33.166666666666664,,41.13333333333333,32.13333333333333,,49.199999999999996,59.1,
EAST PRAIRIE SD 73,73.2,65.2,33.2,53.4,46.8,27.6,56.2,41.3,
EAST ST LOUIS SD 189,35.1,35.1,,22.2,22.2,,14.3,14.3,
EASTLAND CUSD 308,66.1,54.6,41.8,60.4,51.0,,68.6,47.6,
EDGAR COUNTY CUD 6,40.0,,,42.5,,,,,
EDINBURG CUSD 4,,,,,,,,,
EDWARDS COUNTY CUSD 1,73.75,66.2,27.8,42.85,37.2,,42.099999999999994,27.8,
EDWARDSVILLE CUSD 7,57.925,37.775,24.433333333333334,55.849999999999994,30.3,25.46666666666667,56.175,37.5,
EFFINGHAM CUSD 40,54.0,42.2,13.8,43.0,34.4,16.5,40.6,38.7,
EGYPTIAN CUSD 5,20.8,20.0,,,,,,,
EL PASO-GRIDLEY CUSD 11,56.4,44.6,,43.6,25.0,,,,
ELDORADO CUSD 4,41.5,33.3,26.7,48.3,38.9,32.7,23.9,,
ELGIN MATH AND SCIENCE ACADEMY CHARTER SCHOOL,48.1,37.5,25.0,30.5,21.8,,40.0,32.0,
ELMHURST SD 205,77.875,63.31666666666666,52.425,75.8625,40.86666666666667,52.862500000000004,68.175,19.2,63.23333333333333
ELMWOOD CUSD 322,64.0,51.1,34.2,60.0,33.3,28.9,41.3,,
ELMWOOD PARK CUSD 401,55.2,46.5,20.8,47.2,39.95,22.2,41.75,29.1,
ELVERADO CUSD 196,28.9,30.2,,30.3,28.3,,51.9,,
ELWOOD CCSD 203,57.5,48.5,27.0,51.7,36.8,,49.2,47.6,
EMMONS SD 33,68.7,59.8,39.6,55.9,41.2,31.8,56.1,,
ERIE CUSD 1,66.2,52.2,,74.8,61.9,,,,
ESD 159,32.3,28.849999999999998,,18.825,20.666666666666668,,24.7,,
ESWOOD CCSD 269,75.5,62.6,,69.6,54.9,,72.2,,
EUREKA CUD 140,79.96666666666667,42.6,,63.23333333333333,40.7,44.4,,,
EVANSTON CCSD 65,60.46666666666667,35.94166666666667,43.36,55.39166666666667,29.955555555555552,38.699999999999996,56.1,35.0,45.18
EVERGREEN PARK ESD 124,54.9,49.65,44.7,47.85,42.45,39.5,41.525,29.6,
EWING NORTHERN CCSD 115,80.4,79.7,,65.5,62.2,,66.3,65.5,
FAIRFIELD PSD 112,49.0,44.4,,44.05,38.7,,41.1,40.7,
FAIRMONT SD 89,38.8,38.8,,25.4,25.4,,29.2,29.2,
FAIRVIEW SD 72,75.4,68.8,35.0,56.7,47.7,24.7,65.5,59.0,
FARMINGTON CENTRAL CUSD 265,48.9,35.4,26.2,45.3,34.1,21.5,35.3,,
FARRINGTON CCSD 99,59.4,,,43.8,,,,,
FIELD CCSD 3,46.7,37.5,,30.9,19.6,,34.8,,
FIELDCREST CUSD 6,41.8,41.3,,34.2,25.0,,34.3,34.2,
FISHER CUSD 1,62.6,50.0,37.9,48.5,40.0,,34.6,,
FLANAGAN-CORNELL DIST 74,42.3,36.0,,20.3,,,52.8,,
FLORA CUSD 35,63.0,57.9,30.6,54.9,49.1,24.2,35.7,32.7,
FLOSSMOOR SD 161,58.675,46.625,35.7,42.975,29.15,31.0,32.775,,
FORD HEIGHTS SD 169,16.3,16.0,,,,,,,
FOREST PARK SD 91,50.3,39.1,24.5,35.1,24.0,,33.9,26.1,
FOREST RIDGE SD 142,58.25,49.1,23.1,49.05,42.45,32.7,46.2,35.599999999999994,
FORRESTVILLE VALLEY CUSD 221,68.5,62.1,35.7,66.4,53.4,35.7,62.2,,
FOX LAKE GSD 114,36.9,33.3,,36.1,30.4,,,,
FOX RIVER GROVE CONS SD 3,60.5,,50.0,54.7,,,,,
FRANKFORT CCSD 157C,82.8,,57.5,80.8,,56.8,65.3,,54.5
FRANKFORT CUSD 168,45.5,41.4,16.7,31.1,25.2,15.2,35.8,28.6,
FRANKLIN CUSD 1,63.0,,,47.8,,,,,
FRANKLIN PARK SD 84,63.86666666666667,59.1,34.5,51.199999999999996,49.13333333333333,,40.96666666666667,42.75,
FREEBURG CCSD 70,73.9,52.9,32.6,57.7,40.0,30.5,64.9,45.0,39.4
FREEPORT SD 145,28.066666666666666,21.53333333333333,,25.4,18.5,,16.8,9.7,
FREMONT SD 79,68.4,43.8,19.3,59.0,31.3,30.5,60.9,,
GALATIA CUSD 1,43.8,31.9,,21.3,,,38.5,,
GALENA USD 120,65.4,48.8,20.3,55.3,37.2,25.0,52.3,33.3,
GALESBURG CUSD 205,35.225,29.25,19.8,26.35,21.75,9.1,30.3,23.9,
GALLATIN CUSD 7,51.9,46.4,,38.1,30.4,,,,
GALVA CUSD 224,37.6,28.1,,46.1,33.9,,52.0,,
GARDNER CCSD 72C,58.6,59.5,,41.4,40.5,,61.8,,
GAVIN SD 37,34.4,26.8,,41.8,35.4,,,,
GEFF CCSD 14,46.3,36.4,,29.9,,,,,
GEN GEORGE PATTON SD 133,15.3,16.9,,11.1,12.2,,,,
GENESEO CUSD 228,56.46666666666667,42.56666666666667,45.5,50.79999999999999,37.63333333333333,33.3,47.13333333333333,,
GENEVA CUSD 304,70.48333333333333,,45.43333333333334,58.300000000000004,,41.925,65.58333333333333,,52.5
GENOA KINGSTON CUSD 424,34.9,28.3,16.9,31.1,22.5,,29.5,,
GEORGETOWN-RIDGE FARM CUD 4,36.0,29.5,,20.6,16.7,,,,
GERMANTOWN HILLS SD 69,84.1,74.0,57.4,70.75,46.3,34.0,78.5,51.0,
GERMANTOWN SD 60,77.3,51.7,,66.0,37.9,,62.5,,
GIANT CITY CCSD 130,74.0,62.7,,50.4,35.3,,53.8,,
GIBSON CITY-MELVIN-SIBLEY CUSD 5,61.5,52.7,24.6,38.9,30.9,,53.9,44.7,
GIFFORD CCSD 188,56.0,37.5,,39.1,,,50.0,,
GILLESPIE CUSD 7,58.0,52.1,,39.5,34.3,,45.3,36.4,
GLEN ELLYN SD 41,68.825,38.800000000000004,41.825,70.475,34.75,47.0,63.47500000000001,,51.35
GLENCOE SD 35,85.6,,63.6,85.2,,65.5,,,
GLENVIEW CCSD 34,76.13333333333333,54.4,42.233333333333334,69.39999999999999,42.4,39.06666666666667,72.10000000000001,47.05,51.0
GOLF ESD 67,55.0,34.0,38.2,62.1,45.1,42.9,,,
GOREVILLE CUD 1,44.5,32.8,,35.9,22.1,,37.4,22.2,
GOWER SD 62,78.0,58.3,44.1,68.8,58.3,47.1,,,
GRAND PRAIRIE CCSD 6,40.0,40.0,,26.0,26.0,,,,
GRAND RIDGE CCSD 95,64.9,66.7,,51.1,47.1,,41.9,,
GRANITE CITY CUSD 9,25.266666666666666,21.3,8.3,18.0,14.733333333333334,12.3,20.8,15.4,
GRANT CCSD 110,43.6,39.7,,34.2,29.3,,,,
GRANT PARK CUSD 6,74.5,71.7,34.2,48.2,41.8,,50.0,41.2,
GRASS LAKE SD 36,47.4,35.4,,35.1,,,44.7,,
GRAYSLAKE CCSD 46,62.11666666666667,46.81666666666666,37.25,50.18333333333334,35.6,32.825,51.0,33.0,32.7
GRAYVILLE CUSD 1,57.4,43.2,,49.2,40.5,,56.5,,
GREENFIELD CUSD 10,44.1,32.1,,27.4,14.3,,27.3,,
GREENVIEW CUSD 200,66.7,62.5,,60.4,,,,,
GRIGGSVILLE-PERRY CUSD 4,47.5,,,36.6,,,,,
GURNEE SD 56,30.7,20.5,16.7,19.200000000000003,10.649999999999999,18.3,29.049999999999997,11.5,
HAMILTON CCSD 328,63.3,56.6,26.8,41.9,29.5,,48.0,33.3,
HAMILTON CO CUSD 10,57.25,49.65,28.3,37.0,29.9,26.1,40.650000000000006,,
HAMPTON SD 29,41.7,28.3,34.5,32.9,24.1,,50.9,,
HARDIN COUNTY CUSD 1,52.0,48.0,,40.0,32.8,,41.9,,
HARLEM UD 122,38.3125,32.7875,30.549999999999997,33.075,27.35,24.225,36.08,36.13333333333333,
HARMONY EMGE SD 175,49.4,48.25,,27.65,26.4,,30.8,,
HARRISBURG CUSD 3,46.4,41.4,21.6,37.2,31.3,15.3,34.9,23.3,
HARRISON SD 36,36.6,30.4,16.5,26.4,19.6,,27.0,23.8,
HARTSBURG EMDEN CUSD 21,39.2,,,51.0,,,,,
HARVARD CUSD 50,18.8,16.05,,12.25,11.0,,18.7,14.6,
HARVEY SD 152,24.9,25.025000000000002,,21.375,26.133333333333336,,27.7,28.6,
HAVANA CUSD 126,44.7,43.8,22.9,37.4,32.5,28.1,,,
HAWTHORN CCSD 73,60.4,40.833333333333336,32.56666666666667,56.38333333333333,35.5,32.050000000000004,54.73333333333333,51.25,38.1
HAZEL CREST SD 152-5,18.35,18.45,,8.25,8.3,,18.6,18.8,
HENRY-SENACHWINE CUSD 5,47.3,37.3,,22.7,13.7,,47.9,39.0,
HERITAGE CUSD 8,60.1,52.7,,43.6,21.6,,47.8,36.4,
HERRIN CUSD 4,60.4,52.6,18.9,54.7,45.5,15.3,44.5,31.0,
HERSCHER CUSD 2,54.2,43.65,28.65,47.7,38.4,27.15,54.7,40.7,26.7
HEYWORTH CUSD 4,61.0,41.1,40.7,54.5,35.7,33.3,54.4,,
HIAWATHA CUSD 426,52.7,48.0,,37.6,32.0,,54.8,,
HIGH MOUNT SD 116,50.3,45.7,,14.9,8.8,,19.3,,
HIGHLAND CUSD 5,71.46666666666667,68.35,53.550000000000004,72.3,56.849999999999994,23.8,67.1,44.8,
HILLSBORO CUSD 3,63.1,52.0,22.9,44.3,33.9,,40.9,23.2,
HILLSIDE SD 93,42.2,38.5,,23.6,20.8,,24.8,20.3,
HINCKLEY BIG ROCK CUSD 429,60.55,51.3,,38.85,29.8,,52.4,55.0,
HINSDALE CCSD 181,90.55714285714285,,70.05,89.02857142857144,,70.96666666666667,80.52857142857144,,64.7
HOLLIS CONS SD 328,55.4,41.7,,51.1,41.7,,60.7,,
HOMER CCSD 33C,71.26666666666667,55.93333333333334,37.63333333333333,64.5,45.76666666666667,40.56666666666667,50.0,,30.6
HOMEWOOD SD 153,52.4,38.9,30.1,37.9,22.3,24.8,45.0,27.6,29.8
HOOPESTON AREA CUSD 11,52.6,50.6,16.9,32.5,29.0,,26.9,22.8,
HOOVER-SCHRUM MEMORIAL SD 157,24.3,22.3,,12.7,12.5,,,,
HORIZON SCIENCE ACAD-BELMONT CHARTER SCH,50.6,48.8,19.1,28.0,26.6,,23.4,20.2,
HORIZON SCIENCE ACAD-MCKINLEY PARK CHARTER SCH,63.6,65.5,37.4,37.5,38.5,17.6,39.2,41.3,
HUNTLEY COMMUNITY SCHOOL DISTRICT 158,71.63333333333334,60.666666666666664,32.166666666666664,62.199999999999996,50.4,33.300000000000004,58.36666666666667,47.86666666666667,37.25
HUTSONVILLE CUSD 1,37.5,25.9,,42.7,26.4,,61.3,,
IL VALLEY CENTRAL USD 321,64.43333333333334,54.833333333333336,27.8,52.9,39.4,30.6,44.650000000000006,38.9,
ILLINI BLUFFS CUSD 327,64.55,53.3,32.3,41.9,31.650000000000002,,55.75,,
ILLINI CENTRAL CUSD 189,30.6,22.7,,35.8,30.7,25.0,25.5,,
INDIAN CREEK CUSD 425,68.9,57.4,,61.3,51.1,,,,
INDIAN PRAIRIE CUSD 204,66.3,44.48823529411764,35.64666666666667,64.85238095238095,41.422222222222224,38.63076923076923,59.666666666666664,43.7,
INDIAN SPRINGS SD 109,54.199999999999996,50.875,42.75,33.275,29.575000000000003,36.4,31.266666666666666,30.1,
IROQUOIS COUNTY CUSD 9,45.1,40.7,20.8,31.8,28.8,,54.1,44.7,
IROQUOIS WEST CUSD 10,73.75,71.7,,67.55,65.35,,30.9,31.3,
IRVINGTON CCSD 11,38.5,34.5,,25.6,,,,,
ISU LABORATORY SCHOOLS,72.4,58.8,,65.2,70.6,,80.8,,
ITASCA SD 10,77.0,68.6,49.3,71.1,60.0,47.8,59.6,,
IUKA CCSD 7,75.2,65.8,,61.3,56.0,,60.0,51.7,
JACKSONVILLE SD 117,49.28333333333333,44.06666666666666,21.3,37.266666666666666,29.98,21.3,44.25,38.36666666666667,
JASPER CCSD 17,69.6,53.5,,60.0,41.9,,71.4,,
JASPER COUNTY CUD 1,56.4,44.0,21.2,53.6,42.0,,46.5,37.0,
JERSEY CUSD 100,54.05,44.4,,53.599999999999994,40.5,23.3,,,
JOHNSBURG CUSD 12,44.7,34.8,18.2,40.7,29.1,15.7,43.1,30.8,
JOHNSTON CITY CUSD 1,37.25,36.05,,28.6,25.3,,35.0,29.3,
JOLIET PSD 86,30.84,31.033333333333335,43.5,24.3,24.446666666666665,,28.71111111111111,29.033333333333335,
JOPPA-MAPLE GROVE UD 38,58.6,51.2,,45.8,40.5,,,,
KANELAND CUSD 302,63.64,50.25,41.92,48.3,34.233333333333334,29.7,52.64,40.0,
KANKAKEE SD 111,24.8,28.0,,17.56,16.16,,20.3,19.133333333333336,
KANSAS CUSD 3,58.0,,,26.0,,,78.6,,
KEENEYVILLE SD 20,43.5,37.2,,36.6,32.75,23.8,40.4,35.1,
KELL CONS SD 2,39.0,,,,,,,,
KENILWORTH SD 38,87.0,,71.9,84.6,,67.4,84.8,,73.5
KEWANEE CUSD 229,50.1,45.1,,43.699999999999996,39.63333333333333,,56.4,51.099999999999994,
KILDEER COUNTRYSIDE CCSD 96,77.175,43.8,45.666666666666664,74.575,37.5,45.5,75.3,,52.5
KINGS CONS SD 144,67.9,59.1,,47.2,,,,,
KINNIKINNICK CCSD 131,61.5,47.25,33.1,59.199999999999996,41.099999999999994,45.65,55.0,43.3,35.9
KIRBY SD 140,58.92,45.58,27.6,58.279999999999994,46.575,36.019999999999996,36.18,,
KNOXVILLE CUSD 202,60.5,48.2,39.3,49.0,42.9,,,,
KOMAREK SD 94,55.9,46.8,32.9,32.3,22.5,,46.9,36.1,
LA GRANGE SD 102,71.9,45.95,43.475,65.125,29.4,43.3,58.675,,42.5
LA GRANGE SD 105 SOUTH,68.075,56.46666666666667,54.5,59.525000000000006,47.36666666666667,62.85,62.65,,
LA HARPE CSD 347,52.4,51.1,,30.5,30.4,,48.6,47.2,
LA MOILLE CUSD 303,21.4,,,19.6,,,,,
LA SALLE ESD 122,38.4,35.4,,20.7,17.2,,36.9,36.5,
LADD CCSD 94,51.5,34.0,,36.0,23.1,,,,
LAGRANGE HIGHLANDS SD 106,85.6,,67.6,83.2,,55.9,,,
LAKE BLUFF ESD 65,70.5,44.8,45.5,60.1,,30.3,52.7,,
LAKE FOREST SD 67,82.575,,64.725,83.025,,68.0,62.8,,48.2
LAKE VILLA CCSD 41,55.300000000000004,43.166666666666664,28.266666666666666,37.9,25.633333333333336,19.8,52.5,42.6,
LAKE ZURICH CUSD 95,80.92,,58.17999999999999,72.36,,53.779999999999994,69.08,,61.45
LANSING SD 158,42.699999999999996,42.699999999999996,,27.766666666666666,27.599999999999998,,29.53333333333333,29.53333333333333,
LARAWAY CCSD 70C,45.7,45.7,,16.7,16.7,,40.0,40.0,
LAWRENCE COUNTY CUD 20,47.0,43.5,23.8,33.2,29.0,22.2,35.6,27.9,
LEARN JOHN AND KATHY SCHREIBER CHARTER SCHOOL,65.8,64.4,37.8,34.9,33.3,,38.2,34.8,
LEBANON CUSD 9,63.5,54.0,,51.1,28.0,,52.1,,
LELAND CUSD 1,54.2,30.0,,47.2,25.6,,43.6,,
LEMONT-BROMBEREK CSD 113A,66.15,52.400000000000006,42.25,68.5,49.05,45.150000000000006,45.7,27.9,24.2
LENA WINSLOW CUSD 202,72.5,69.5,,59.3,47.6,,54.2,42.3,
LEROY CUSD 2,58.5,48.3,26.3,44.3,36.7,,32.1,,
LEWISTOWN CUSD 97,21.1,13.5,,16.1,12.4,,41.7,,
LEXINGTON CUSD 7,65.7,51.7,,46.3,,,71.9,,
LIBERTY CUSD 2,53.8,34.9,32.7,43.2,23.3,20.4,48.2,,
LIBERTYVILLE SD 70,82.425,73.7,47.95,73.9,63.2,36.349999999999994,78.125,,
LICK CREEK CCSD 16,62.7,43.3,,35.8,,,,,
LIMESTONE WALTERS CCSD 316,57.6,42.4,,46.4,36.4,,67.6,,
LINCOLN ESD 156,48.1,48.1,22.5,20.4,20.4,13.9,29.8,29.8,
LINCOLN ESD 27,52.43333333333334,47.53333333333333,,47.1,41.13333333333333,,48.9,55.6,
LINCOLNSHIRE-PRAIRIEVIEW SD 103,82.3,68.8,46.0,79.4,,48.9,77.1,,48.8
LINCOLNWOOD SD 74,67.5,46.2,44.9,45.9,27.5,38.2,60.5,,52.0
LINDOP SD 92,64.6,62.0,47.7,26.5,24.0,29.5,31.3,30.0,
LISBON CCSD 90,92.4,,,74.7,,,71.9,,
LISLE CUSD 202,67.0,39.8,33.8,62.6,31.8,30.3,59.2,33.3,
LITCHFIELD CUSD 12,55.3,48.8,21.2,37.8,31.3,16.9,37.6,23.2,
LOCKPORT SD 91,69.5,67.9,,72.9,64.3,,,,
LOMBARD SD 44,59.1,43.54,30.7,51.6,34.18,33.56666666666667,45.550000000000004,,
LOSTANT CUSD 425,64.1,,,30.8,,,,,
LOWPOINT-WASHBURN CUSD 21,50.7,46.5,,33.8,31.0,,,,
LUDLOW CCSD 142,,,,,,,,,
LYONS SD 103,46.833333333333336,44.5,10.4,26.166666666666668,23.549999999999997,,33.88333333333333,37.175,
MACOMB CUSD 185,29.4,20.8,10.4,23.0,12.7,,31.5,17.6,
MADISON CUSD 12,13.5,13.4,,10.6,11.1,,,,
MAERCKER SD 60,55.7,39.9,35.8,54.9,34.5,29.9,57.7,35.3,50.0
MAHOMET-SEYMOUR CUSD 3,56.1,35.2,26.8,53.8,31.1,25.6,55.1,26.5,26.8
MALDEN CCSD 84,31.9,,,29.8,,,,,
MANHATTAN SD 114,72.6,62.95,35.55,61.5,47.9,35.25,62.6,31.3,28.6
MANNHEIM SD 83,43.63333333333333,42.26666666666667,,28.0,25.166666666666668,,33.4,39.0,
MANTENO CUSD 5,59.3,41.2,23.5,60.2,45.6,29.4,,,
MARENGO-UNION E CONS D 165,47.75,44.15,,51.7,49.55,,28.0,15.9,
MARION CUSD 2,67.74,58.64,,62.46,52.14,27.4,49.260000000000005,41.260000000000005,
MARISSA CUSD 40,34.5,28.0,,20.4,18.7,,,,
MAROA FORSYTH CUSD 2,63.1,47.8,27.3,56.1,30.4,36.4,38.3,,
MARQUARDT SD 15,41.15,38.75,,31.35,27.725,,35.800000000000004,,
MARSEILLES ESD 150,27.8,23.0,,25.6,19.5,,35.6,19.6,
MARSHALL CUSD 2C,64.7,54.9,39.6,49.3,40.1,32.7,44.0,,
MARTINSVILLE CUSD 3C,54.7,45.8,,47.0,40.3,,,,
MASCOUTAH CUD 19,77.53333333333333,64.96666666666667,45.699999999999996,65.03333333333333,50.333333333333336,38.46666666666667,63.46666666666667,54.05,33.3
MASSAC UD 1,71.92,65.82000000000001,41.25,63.660000000000004,60.56,44.1,59.06666666666667,51.85,
MATTESON ESD 162,43.1,44.28,,29.639999999999997,30.5,,19.8,24.95,
MATTOON CUSD 2,47.6,41.45,25.0,38.6,27.65,18.95,39.7,29.2,
MAYWOOD-MELROSE PARK-BROADVIEW 89,44.9,42.65714285714286,,27.985714285714288,25.12857142857143,,37.22,35.06666666666666,
MAZON-VERONA-KINSMAN ESD 2C,58.1,47.8,,54.8,43.5,,,,
MCCLELLAN CCSD 12,39.5,,,,,,,,
MCHENRY CCSD 15,50.96,41.2,20.8,51.879999999999995,42.32,23.200000000000003,47.5,24.4,
MCLEAN COUNTY USD 5,51.7125,33.36923076923077,36.4,42.68125,22.423076923076923,34.96666666666666,45.22,,
MEDINAH SD 11,44.7,30.1,,45.1,31.0,24.4,48.9,40.0,
MENDOTA CCSD 289,37.1,33.1,,36.2,29.3,,,,
MERCER COUNTY SCHOOL DISTRICT 404,55.95,48.8,,32.25,25.6,,52.85,52.8,
MEREDOSIA-CHAMBERSBURG CUSD 11,,,,,,,,,
MERIDIAN CUSD 101,18.2,13.9,,22.1,22.2,,,,
MERIDIAN CUSD 15,47.1,40.4,,36.7,28.1,,53.1,44.8,
MERIDIAN CUSD 223,46.3,37.0,23.1,46.3,37.0,26.9,33.0,,
METAMORA CCSD 1,67.7,57.4,,57.3,38.3,,71.2,48.6,
MIDLAND CUSD 7,51.6,42.5,,56.0,40.0,,,,
MIDLOTHIAN SD 143,41.03333333333333,38.23333333333333,16.0,23.400000000000002,20.3,,22.5,20.5,
MIDWEST CENTRAL CUSD 191,55.0,47.3,,43.9,33.0,,35.9,34.5,
MILFORD AREA PUBLIC SCHOOLS DISTRICT 124,35.4,30.2,,28.3,21.7,,31.9,24.0,
MILLBURN CCSD 24,72.8,56.45,48.75,59.2,37.05,36.400000000000006,61.8,39.3,43.7
MILLER TWP CCSD 210,51.2,44.8,,43.2,,,42.9,,
MILLSTADT CCSD 160,76.8,68.8,55.8,63.1,51.6,43.7,56.9,33.3,
MINOOKA CCSD 201,55.52,41.739999999999995,29.166666666666668,50.44,36.14,24.675,49.7,35.4,28.4
MOKENA SD 159,65.35,49.7,30.85,65.85,53.2,39.7,46.2,,
MOLINE-COAL VALLEY CUSD 40,35.87,25.77,23.9,34.58,24.4,,29.214285714285715,,
MOMENCE CUSD 1,31.7,29.3,,29.4,25.3,,,,
MONMOUTH-ROSEVILLE CUSD 238,35.2,26.1,21.6,30.1,22.65,,39.8,30.3,
MONROE SD 70,66.5,60.0,,54.0,55.1,,62.5,58.3,
MONTICELLO CUSD 25,59.4,35.65,26.2,55.650000000000006,35.15,21.5,60.9,,
MONTMORENCY CCSD 145,49.6,45.5,,46.3,40.0,,33.3,,
MORRIS SD 54,37.3,27.7,14.6,40.8,27.1,18.3,38.8,33.9,
MORRISON CUSD 6,47.8,34.9,,51.7,43.4,,42.7,,
MORRISONVILLE CUSD 1,45.6,,,53.6,40.0,,57.9,,
MORTON CUSD 709,76.35,63.625,41.833333333333336,66.15,45.1,36.23333333333333,61.425,,
MORTON GROVE SD 70,75.4,63.1,42.9,67.4,53.0,39.7,64.2,47.0,36.4
MOUNT OLIVE CUSD 5,52.3,42.2,,31.5,23.3,,44.4,,
MOUNT PROSPECT SD 57,70.4,,45.75,59.849999999999994,,38.8,64.55,,65.4
MOUNT VERNON SD 80,30.4,27.799999999999997,19.7,20.799999999999997,17.85,,24.0,16.2,
MT PULASKI CUSD 23,58.4,48.8,,45.1,31.7,,48.3,,
MT ZION CUSD 3,54.65,38.8,25.2,53.55,38.1,30.1,49.7,40.7,
MULBERRY GROVE CUSD 1,41.7,30.6,,31.7,27.8,,,,
MUNDELEIN ESD 75,51.3,37.9,19.6,36.0,20.7,15.7,47.3,29.8,
MURPHYSBORO CUSD 186,34.1,33.9,,28.7,28.6,,32.4,32.8,
N PEKIN & MARQUETTE HGHT SD 102,59.9,57.849999999999994,28.4,38.5,31.1,,51.7,47.2,
NAPERVILLE CUSD 203,82.0,63.15,53.03076923076923,76.28571428571429,48.458333333333336,53.315384615384616,74.61538461538461,62.5,58.76666666666667
NASHVILLE CCSD 49,42.5,30.7,,35.4,24.7,,47.0,34.8,
NAUVOO-COLUSA CUSD 325,61.0,62.3,,34.5,30.4,,44.4,43.3,
NEOGA CUSD 3,54.8,52.9,,41.3,29.4,,,,
NETTLE CREEK CCSD 24C,58.8,,,52.9,,,,,
NEW ATHENS CUSD 60,67.7,53.3,,60.6,46.7,40.0,58.1,,
NEW BERLIN CUSD 16,65.9,41.3,,53.3,39.1,,59.6,,
NEW HOLLAND-MIDDLETOWN ED 88,36.7,27.8,,28.0,,,,,
NEW HOPE CCSD 6,79.6,69.5,,72.5,59.3,,66.1,50.0,
NEW LENOX SD 122,63.25,52.31666666666666,34.4,64.35,47.9,36.31428571428571,52.425,43.5,29.333333333333332
NEW SIMPSON HILL SD 32,61.8,57.7,,45.6,46.5,,30.6,,
NEWARK CCSD 66,72.0,,,58.0,,,,,
NILES ESD 71,60.5,56.0,19.1,43.0,35.7,14.5,58.2,52.1,
NIPPERSINK SD 2,70.25,65.15,40.35,50.5,38.7,39.5,58.849999999999994,,
NOKOMIS CUSD 22,47.0,44.3,,40.9,34.4,,56.8,55.6,
NORRIDGE SD 80,66.1,62.5,33.3,67.4,64.4,38.1,,,
NORRIS CITY-OMAHA-ENFIELD CUSD 3,39.3,31.1,,19.9,12.5,,24.5,,
NORTH BOONE CUSD 200,52.15,50.76666666666667,22.0,46.5,40.166666666666664,,33.3,33.3,
NORTH CHICAGO SD 187,31.975,30.8,29.0,23.525,22.875,27.4,21.95,34.2,
NORTH CLAY CUSD 25,42.5,34.3,,31.5,22.5,,26.1,,
NORTH GREENE CUSD 3,33.6,27.0,,26.7,18.9,,37.7,,
NORTH MAC CUSD 34,43.1,37.5,,29.5,25.5,,37.5,28.3,
NORTH PALOS SD 117,81.85,78.4,47.5,73.25,67.95,51.75,53.0,43.95,31.6
NORTH SHORE SD 112,72.07142857142857,48.0,49.92857142857143,67.01428571428572,36.9,47.56666666666666,58.98571428571428,,37.0
NORTH WAMAC SD 186,51.9,52.0,,44.4,42.7,,,,
NORTH WAYNE CUSD 200,65.55000000000001,,,55.35,,,,,
NORTHBROOK ESD 27,87.6,,68.5,79.9,,59.5,70.1,,41.4
NORTHBROOK SD 28,84.66666666666667,,59.96666666666667,81.23333333333333,,58.666666666666664,72.06666666666666,,
NORTHBROOK/GLENVIEW SD 30,84.5,,58.8,85.30000000000001,,63.95,69.3,,56.5
NORTHWESTERN CUSD 2,56.4,65.9,,42.6,40.9,,,,
NORWOOD ESD 63,31.5,32.6,,20.5,,,,,
O FALLON CCSD 90,64.5,46.58,30.325,61.14,38.58,31.8,58.4,38.5,
OAK GROVE SD 68 BARTONVILLE,50.3,41.3,31.6,39.8,36.5,,36.1,,
OAK GROVE SD 68 GREEN OAKS,83.2,52.6,42.9,73.1,,26.8,84.0,,36.4
OAK LAWN-HOMETOWN SD 123,60.620000000000005,52.220000000000006,37.650000000000006,41.08,34.519999999999996,29.53333333333333,41.08,33.56666666666666,
OAK PARK ESD 97,73.0375,45.68333333333334,47.125,68.0,32.6,45.6125,67.8375,,66.06666666666666
OAKDALE CCSD 1,36.1,,,57.1,,,,,
OAKLAND CUSD 5,30.3,19.5,,20.5,16.9,,,,
OAKWOOD CUSD 76,28.2,22.2,,18.4,13.3,,28.2,23.1,
OBLONG CUSD 4,52.3,44.3,,17.9,13.0,,53.0,32.4,
ODELL CCSD 435,48.8,48.8,,29.8,27.5,,37.5,35.5,
ODIN PSD 722,22.7,20.5,,14.4,13.7,,,,
OGLESBY ESD 125,49.0,40.75,,33.6,24.0,,35.0,,
OHIO CCSD 17,37.8,,,34.3,,,,,
OKAW VALLEY CUSD 302,31.7,27.8,,23.3,,,,,
OLYMPIA CUSD 16,64.2,49.43333333333334,38.1,46.63333333333333,35.36666666666667,,54.43333333333334,47.8,
OPDYKE-BELLE-RIVE CCSD 5,45.2,40.0,,13.1,,,,,
ORANGEVILLE CUSD 203,48.4,,,50.0,,,,,
OREGON CUSD 220,63.0,52.3,27.7,52.8,40.2,29.4,45.9,32.8,
ORION CUSD 223,64.2,58.5,,61.0,49.1,,67.6,63.2,
ORLAND SD 135,68.13333333333333,46.9,35.93333333333333,54.53333333333334,32.13333333333333,32.43333333333333,53.800000000000004,32.699999999999996,28.0
OTTAWA ESD 141,54.2,45.15,31.65,37.474999999999994,30.0,39.3,38.6,25.8,
PALATINE CCSD 15,52.07692307692308,35.0,34.09230769230769,46.05384615384616,29.338461538461537,31.772727272727273,47.599999999999994,27.5,49.38
PALESTINE CUSD 3,33.8,23.0,,28.2,17.6,,35.1,,
PALOS CCSD 118,76.1,71.25,42.650000000000006,66.25,59.25,40.5,63.5,50.8,
PALOS HEIGHTS SD 128,69.9,55.8,28.6,62.4,68.4,50.0,50.0,,
PANA CUSD 8,47.7,38.9,22.4,46.4,38.1,15.8,29.6,,
PANHANDLE CUSD 2,45.9,,,52.9,50.0,,59.3,,
PARIS CUSD 4,63.8,55.6,35.7,47.7,37.8,,45.7,,
PARIS-UNION SD 95,51.6,47.2,,41.8,36.1,,34.0,29.8,
PARK FOREST - CHICAGO HEIGHTS SCHOOL DISTRICT 163,37.25,38.73333333333333,,35.45,35.4,,32.1,28.4,
PARK RIDGE CCSD 64,79.0,59.1,55.56,75.92,50.0,52.9,62.279999999999994,,48.36666666666667
PATOKA CUSD 100,58.7,52.9,,28.8,,,,,
PAW PAW CUSD 271,59.0,,,38.5,,,,,
PAWNEE CUSD 11,60.4,55.3,34.2,40.3,,,52.6,,
PAXTON-BUCKLEY-LODA CUD 10,45.8,38.3,22.6,39.0,30.8,21.2,22.0,,
PAYSON CUSD 1,45.6,35.1,,30.7,27.0,,,,
PEARL CITY CUSD 200,44.7,28.0,,42.1,32.0,,35.7,,
PECATONICA CUSD 321,53.7,48.9,31.4,58.1,47.7,49.6,,,
PEKIN PSD 108,44.96666666666667,38.75,12.600000000000001,30.928571428571427,24.883333333333336,8.0,31.549999999999997,25.35,17.5
PEMBROKE CCSD 259,25.6,23.4,,,,,35.1,32.4,
PENNOYER SD 79,54.2,46.3,,36.7,32.8,,39.3,42.1,
PEORIA HEIGHTS CUSD 325,37.5,35.6,,15.2,15.1,,12.9,,
PEORIA SD 150,29.73846153846154,26.884615384615383,35.766666666666666,21.184615384615384,17.73076923076923,,8.399999999999999,,
PEOTONE CUSD 207U,56.5,,,52.1,,,47.4,,
PERU ESD 124,55.9,53.8,,52.9,48.1,,,,
PIKELAND CUSD 10,27.3,23.0,11.3,10.8,7.6,,17.8,17.0,
PINCKNEYVILLE SD 50,63.7,46.0,,50.8,34.35,,56.5,38.5,
PLAINFIELD SD 202,58.76111111111111,46.37777777777778,32.523529411764706,47.81666666666666,34.47777777777778,28.54375,49.90555555555555,36.608333333333334,41.3875
PLANO CUSD 88,39.9,36.3,21.6,27.0,18.0,15.7,32.1,28.2,
PLEASANT HILL CUSD 3,24.1,21.6,,25.6,23.9,,37.2,,
PLEASANT HILL SD 69,37.3,36.3,,,,,46.2,48.0,
PLEASANT PLAINS CUSD 8,70.6,,44.4,62.8,,30.6,,,
PLEASANT VALLEY SD 62,38.8,38.8,,31.2,31.2,,24.6,24.6,
PLEASANTDALE SD 107,76.8,59.4,38.5,76.3,62.5,53.8,,,
POLO CUSD 222,67.5,57.4,,71.1,63.0,,54.3,52.6,
PONTIAC CCSD 429,36.4,30.5,23.049999999999997,27.15,20.549999999999997,32.1,31.7,20.6,
PONTIAC-W HOLLIDAY SD 105,37.0,32.0,,25.1,20.2,,35.0,29.7,
POPE CO CUD 1,49.1,41.3,,37.0,27.2,,32.2,32.4,
PORTA CUSD 202,61.8,55.4,30.9,32.9,23.8,,36.4,31.3,
POSEN-ROBBINS ESD 143-5,51.300000000000004,56.46666666666667,,40.233333333333334,42.23333333333333,,25.0,25.2,
POTOMAC CUSD 10,47.5,52.4,,33.8,26.2,,,,
PRAIRIE CENTRAL CUSD 8,64.55,48.8,37.6,43.7,28.9,,42.4,33.9,
PRAIRIE CROSSING CHARTER SCHOOL,73.1,,55.1,62.9,,34.6,68.8,,44.4
PRAIRIE DU ROCHER CCSD 134,67.6,66.7,,59.2,40.0,,,,
PRAIRIE GROVE CSD 46,59.8,53.2,26.0,58.1,60.9,28.0,,,
PRAIRIE HILL CCSD 133,82.1,88.9,65.7,79.8,77.8,68.6,,,
PRAIRIE-HILLS ESD 144,28.75714285714286,28.514285714285712,,19.21666666666667,18.683333333333334,,,,
PRAIRIEVIEW-OGDEN CCSD 197,59.45,,,58.150000000000006,,,57.7,,
PRINCETON ESD 115,57.7,50.0,25.8,56.3,46.9,25.8,,,
PRINCEVILLE CUSD 326,43.8,31.4,,46.5,32.0,,52.3,,
PROPHETSTOWN-LYNDON-TAMPICO CUSD3,47.150000000000006,55.7,28.2,45.900000000000006,36.650000000000006,,53.2,50.0,
PROSPECT HEIGHTS SD 23,62.85,50.85,,63.099999999999994,51.75,,63.9,46.8,
PUTNAM COUNTY CUSD 535,62.4,46.4,,43.6,26.0,,60.4,,
QUEEN BEE SD 16,54.95,47.55,26.1,42.650000000000006,33.85,,,,
QUINCY SD 172,43.58,35.58,21.5,35.78,26.119999999999997,21.15,35.239999999999995,29.32,
R O W V A CUSD 208,61.2,52.4,34.9,41.6,34.1,,76.7,66.7,
RACCOON CONS SD 1,64.6,50.3,39.7,40.2,27.1,,55.8,,
RAMSEY CUSD 204,69.6,64.8,,39.5,29.3,,44.0,,
RANKIN CSD 98,61.4,46.2,,38.6,33.3,,29.8,,
RANTOUL CITY SD 137,17.0,18.066666666666666,,9.8,,,26.8,,
RED BUD CUSD 132,61.2,54.3,21.0,35.1,27.2,17.8,42.9,27.9,
RED HILL CUSD 10,52.650000000000006,45.4,34.5,35.2,26.75,,24.3,,
REED CUSTER CUSD 255U,59.0,53.5,21.7,46.6,34.5,21.7,46.5,39.1,
RHODES SD 84-5,42.4,39.2,,22.6,18.9,,25.9,20.3,
RICHLAND COUNTY CUSD 1,58.0,50.9,15.2,46.7,37.5,12.7,35.9,30.0,
RICHLAND GSD 88A,57.8,51.8,23.8,34.2,26.8,19.0,56.1,42.7,31.7
RIDGELAND SD 122,59.575,55.1,39.5,49.075,43.45,,37.0,28.166666666666668,
RIDGEVIEW CUSD 19,44.6,40.4,,30.7,24.4,,45.0,52.6,
RILEY CCSD 18,70.2,60.4,37.0,52.5,37.7,26.1,59.3,,
RIVER BEND CUSD 2,46.9,39.5,,40.2,30.2,,46.7,,
RIVER FOREST SD 90,90.65,,70.5,82.7,,52.6,,,
RIVER GROVE SD 85-5,59.1,56.6,17.6,35.3,34.2,,41.0,35.9,
RIVER RIDGE CUSD 210,67.4,57.9,,61.1,47.4,,55.6,,
RIVER TRAILS SD 26,54.55,47.25,,57.099999999999994,47.4,,47.75,,
RIVERDALE CUSD 100,67.4,50.0,30.0,62.4,50.0,52.5,56.0,,
RIVERSIDE SD 96,76.425,44.75,34.5,75.30000000000001,54.8,37.0,61.975,,
RIVERTON CUSD 14,34.4,31.2,14.7,27.3,22.6,16.2,,,
RIVERVIEW CCSD 2,33.3,23.7,,18.5,,,27.0,,
ROANOKE BENSON CUSD 60,82.3,71.4,,72.6,,,,,
ROBEIN SD 85,60.0,48.8,,21.1,,,34.2,,
ROBINSON CUSD 2,44.2,34.5,18.9,33.3,24.1,17.6,23.4,,
ROCHELLE CCSD 231,28.95,23.5,,25.1,18.45,,27.5,16.3,
ROCHESTER CUSD 3A,47.55,43.8,25.7,40.7,31.3,16.0,45.1,,
ROCK FALLS ESD 13,42.4,37.4,,31.2,26.8,,27.8,25.0,
ROCK ISLAND SD 41,30.82222222222222,26.933333333333334,,24.11111111111111,20.955555555555556,16.9,21.45,,
ROCKDALE SD 84,31.3,25.0,,14.0,11.0,,27.3,,
ROCKFORD SD 205,33.81333333333333,30.586666666666666,60.125,25.803571428571427,23.59259259259259,55.05,31.41111111111111,32.86153846153846,100.0
ROCKRIDGE CUSD 300,60.3,47.2,,47.7,37.7,,44.6,,
ROCKTON SD 140,66.8,53.8,38.8,65.0,46.1,35.7,63.7,52.5,33.3
ROME CCSD 2,58.5,54.7,,33.3,20.9,,52.6,46.2,
RONDOUT SD 72,75.5,,50.0,59.4,,42.9,64.7,,
ROOKS CREEK CCSD 425,71.4,,,46.4,,,,,
ROSELLE SD 12,81.3,73.3,52.9,72.1,60.5,44.1,54.9,35.5,
ROSEMONT ESD 78,55.2,,,36.0,,,48.6,,
ROSSVILLE-ALVIN CUSD 7,48.1,41.3,,24.9,19.2,,17.6,,
ROUND LAKE CUSD 116,25.900000000000002,23.766666666666666,,13.733333333333333,12.466666666666667,,20.766666666666666,19.033333333333335,
ROXANA CUSD 1,38.5,31.9,16.5,32.6,23.6,14.9,30.4,24.6,
RUTLAND CCSD 230,81.6,,,60.5,,,,,
SALEM SD 111,55.800000000000004,48.55,22.9,41.099999999999994,34.35,20.45,45.6,34.8,
SALT CREEK SD 48,58.1,39.0,,65.7,48.8,,,,
SALT FORK COMMUNITY UNIT DISTRICT 512,46.8,45.4,,36.7,31.900000000000002,,39.1,,
SANDOVAL CUSD 501,26.1,22.9,,17.4,,,,,
SANDRIDGE SD 172,19.2,,,12.9,,,,,
SANDWICH CUSD 430,59.425000000000004,59.7,28.6,63.725,55.06666666666666,23.4,43.8,35.9,31.0
SANGAMON VALLEY CUSD 9,64.7,60.3,,52.6,51.3,,56.8,54.2,
SARATOGA CCSD 60C,66.1,54.4,32.5,48.5,36.4,29.8,53.8,42.6,31.4
SAUNEMIN CCSD 438,48.5,47.5,,30.9,30.0,,52.6,,
SCALES MOUND CUSD 211,61.8,,,65.5,,,,,
SCHAUMBURG CCSD 54,65.38636363636364,48.575,33.54210526315789,54.89090909090908,33.05625,29.933333333333334,46.45454545454545,,
SCHILLER PARK SD 81,54.3,47.95,28.6,46.5,41.0,,28.6,25.0,
SCHUYLER-INDUSTRY CUSD 5,33.3,28.95,,29.700000000000003,23.6,,30.5,23.3,
SCOTT-MORGAN CUSD 2,51.7,,,51.7,,,,,
SD 45 DUPAGE COUNTY,49.480000000000004,37.8,41.95,49.239999999999995,34.18,34.266666666666666,37.739999999999995,,
SD U-46,42.544736842105266,34.53684210526316,27.865,34.86842105263158,26.407894736842106,25.87222222222222,36.0,34.06666666666667,
SELMAVILLE CCSD 10,45.6,35.8,,16.8,,,,,
SENECA CCSD 170,67.3,49.8,,54.8,41.5,,,,
SERENA CUSD 2,43.25,,,46.05,,,,,
SESSER-VALIER CUSD 196,60.9,52.9,,66.4,59.7,,54.8,48.6,
SHAWNEE CUSD 84,20.4,,,,,,,,
SHELBYVILLE CUSD 4,71.85,67.15,26.3,55.7,44.5,,47.2,35.8,
SHERRARD CUSD 200,48.26666666666667,44.7,,38.36666666666667,,,39.3,,
SHILOH CUSD 1,38.3,28.8,,27.3,,,30.3,,
SHILOH VILLAGE SD 85,63.9,54.2,,47.5,,,,,
SHIRLAND CCSD 134,81.7,85.7,,57.7,,,63.6,,
SIGNAL HILL SD 181,45.2,34.9,,31.0,21.7,,33.3,31.4,
SILVIS SD 34,43.0,38.1,,21.9,19.0,,30.4,26.1,
SKOKIE SD 68,55.333333333333336,45.96666666666667,31.900000000000002,46.199999999999996,34.5,30.2,47.03333333333334,32.6,
SKOKIE SD 69,44.8,36.6,17.7,41.7,29.1,22.1,35.1,26.3,
SKOKIE SD 73-5,64.2,52.5,36.5,53.1,42.6,19.7,53.2,41.9,34.5
SMITHTON CCSD 130,77.0,61.9,34.8,54.8,26.2,22.7,73.4,,
SOMONAUK CUSD 432,52.3,42.2,,43.9,26.7,,,,
SOUTH CENTRAL CUD 401,43.0,34.3,,31.9,24.3,,30.4,,
SOUTH FORK SD 14,34.4,29.5,,21.3,,,,,
SOUTH HOLLAND SD 150,34.25,32.349999999999994,,26.75,24.1,,23.9,15.9,
SOUTH HOLLAND SD 151,40.0,40.0,,39.8,39.8,,32.4,32.4,
SOUTH PEKIN SD 137,20.4,,,12.0,,,28.9,,
SOUTH WILMINGTON CCSD 74,50.0,,,44.0,,,73.7,,
SOUTHEASTERN CUSD 337,46.2,36.7,,24.6,16.5,,40.0,,
SOUTHWESTERN CUSD 9,69.94999999999999,60.1,,43.5,36.150000000000006,,50.4,42.7,
SPARTA CUSD 140,40.7,38.1,,26.549999999999997,19.1,,39.05,23.0,
SPOON RIVER VALLEY CUSD 4,65.3,62.1,,65.3,62.1,,71.4,,
SPRING GARDEN COMMUNITY CONSOLIDATED SCHOOL DISTRICT 178,46.6,34.6,,25.1,,,23.9,,
SPRING LAKE CCSD 606,79.4,,,64.7,,,,,
SPRING VALLEY CCSD 99,37.4,33.6,17.5,23.2,18.4,15.6,32.5,31.4,
SPRINGFIELD SD 186,36.19130434782608,34.77368421052632,45.7,25.354999999999997,20.28235294117647,39.86666666666667,39.26153846153846,45.32,
ST CHARLES CUSD 303,75.01818181818182,61.054545454545455,48.63636363636363,69.0,54.445454545454545,44.154545454545456,61.027272727272724,28.6,55.36
ST ELMO CUSD 202,58.3,54.2,,43.6,36.7,,48.3,,
ST GEORGE CCSD 258,63.6,54.4,36.5,54.5,38.5,34.9,49.9,,
ST JOSEPH CCSD 169,69.3,50.0,57.1,77.3,55.9,64.3,,,
ST LIBORY CONS SD 30,43.6,,,41.0,,,,,
ST ROSE SD 14-15,66.3,68.2,,57.1,,,80.0,,
ST. ANNE UNIT DISTRICT 24,57.8,57.8,,37.9,37.9,34.5,43.9,43.9,
STARK COUNTY CUSD 100,32.6,30.9,,23.0,17.3,,42.2,,
STAUNTON CUSD 6,66.0,50.0,31.7,48.8,31.9,20.6,47.3,35.3,
STEELEVILLE CUSD 138,39.2,22.9,,27.1,15.7,,36.4,,
STEGER SD 194,31.5,28.4,,32.0,31.6,16.9,,,
STERLING CUSD 5,46.0,38.7,15.1,41.05,33.45,,35.7,25.049999999999997,
STEWARD ESD 220,38.2,,,55.9,,,68.8,,
STEWARDSON-STRASBURG CUD 5A,62.0,44.4,,50.3,32.1,,60.6,51.9,
STOCKTON CUSD 206,75.8,76.0,,62.6,50.0,,51.3,,
STREATOR ESD 44,30.0,26.9,,35.0,30.1,,,,
SULLIVAN CUSD 300,66.9,54.8,,42.0,31.6,,44.4,37.5,
SUMMERSVILLE SD 79,67.0,50.8,47.4,56.2,42.9,36.8,61.1,,
SUMMIT HILL SD 161,69.60000000000001,60.333333333333336,44.1,64.83333333333333,47.96666666666667,42.63333333333333,60.3,50.0,32.3
SUMMIT SD 104,45.775,47.0,,34.525,35.45,,,,
SUNNYBROOK SD 171,30.6,30.2,,18.0,16.3,,,,
SUNSET RIDGE SD 29,84.65,,68.5,81.55,,63.0,76.0,,60.0
SYCAMORE CUSD 427,54.660000000000004,43.05,29.6,51.04,46.5,32.15,49.980000000000004,33.3,
TAFT SD 90,43.9,33.5,25.4,33.9,26.0,,24.6,,
TAMAROA SCHOOL DIST 5,50.2,46.1,,39.3,35.3,,,,
TAYLORVILLE CUSD 3,39.9,36.6,16.9,30.6,27.4,14.3,,,
TEUTOPOLIS CUSD 50,83.0,75.0,51.6,72.3,62.5,38.7,60.8,,
THOMASBORO CCSD 130,33.0,25.0,,26.6,20.0,,55.6,,
THOMPSONVILLE CUSD 174,48.8,48.6,,15.7,,,,,
THORNTON SD 154,42.7,41.9,,33.3,34.0,,41.5,43.8,
TOLONO CUSD 7,65.80000000000001,60.400000000000006,36.5,58.1,53.6,35.7,66.95,57.7,
TONICA CCSD 79,40.3,37.9,,15.1,,,,,
TREMONT CUSD 702,68.6,62.1,,55.1,55.2,,,,
TRI CITY CUSD 1,60.4,38.0,,63.4,44.5,,56.8,,
TRI POINT CUSD 6-J,50.0,47.7,27.9,45.1,44.1,25.6,47.6,43.6,
TRI VALLEY CUSD 3,88.8,,,82.5,,,,,
TRIAD CUSD 2,67.2,51.93333333333334,30.5,55.45,39.766666666666666,26.25,59.025,62.5,
TRICO CUSD 176,43.8,31.9,,25.6,16.7,,36.5,31.6,
TRIOPIA CUSD 27,81.6,66.7,,66.7,56.3,,63.2,,
TROY CCSD 30C,56.333333333333336,45.416666666666664,21.9,49.46666666666667,38.81666666666667,8.6,39.2,27.1,
TUSCOLA CUSD 301,45.8,37.3,,29.0,,,,,
UNION RIDGE SD 86,69.8,63.8,29.2,51.6,46.5,13.9,51.9,42.3,
UNION SD 81,69.7,60.0,,60.7,45.0,,59.3,,
UNITED CUSD 304,52.23333333333333,48.2,,44.76666666666667,37.150000000000006,,55.9,48.0,
UNITY POINT CCSD 140,62.5,50.5,21.3,38.5,26.0,,57.4,34.9,
URBANA SD 116,20.22,12.025,20.0,15.959999999999999,11.0,19.6,31.066666666666666,31.4,
V I T CUSD 2,33.3,39.3,,,,,,,
VALLEY VIEW CUSD 365U,55.26666666666667,49.125,25.259999999999998,43.89166666666667,37.80833333333333,25.644444444444446,31.258333333333336,30.1375,
VALMEYER CUSD 3,42.2,,,28.1,,,,,
VANDALIA CUSD 203,49.400000000000006,36.45,13.7,38.45,27.65,10.1,38.3,26.0,
VENICE CUSD 3,,,,,,,,,
VIENNA SD 55,67.3,59.2,39.2,28.6,22.5,20.6,35.7,32.6,
VILLA GROVE CUSD 302,56.3,47.1,,43.1,35.6,,48.8,37.0,
VIRGINIA CUSD 64,44.3,40.0,,43.6,38.6,40.0,,,
W HARVEY-DIXMOOR PSD 147,26.4,28.2,,10.2,12.0,,,,
WABASH CUSD 348,54.1,45.6,16.7,41.2,32.3,15.4,45.4,36.7,
WALLACE CCSD 195,70.1,60.0,26.0,55.7,37.3,20.0,47.8,50.0,
WALTHAM CCSD 185,70.5,61.9,,45.9,47.6,,49.1,,
WALTONVILLE CUSD 1,56.1,53.5,,28.8,19.7,,36.7,,
WARREN CUSD 205,84.6,77.2,,77.7,72.4,,48.1,,
WARRENSBURG-LATHAM CUSD 11,66.2,56.9,33.3,57.1,42.2,24.4,43.8,31.3,
WARSAW CUSD 316,35.8,39.1,,27.5,23.9,,42.4,,
WASHINGTON SD 52,66.9,49.0,,63.5,44.9,30.3,,,
WATERLOO CUSD 5,71.0,53.75,39.55,70.05000000000001,51.099999999999994,35.2,62.1,61.0,
WAUCONDA CUSD 118,58.73333333333333,44.36666666666667,30.23333333333333,52.46666666666667,38.36666666666667,28.133333333333336,51.199999999999996,38.333333333333336,33.3
WAUKEGAN CUSD 60,27.546666666666667,24.42,26.2,24.753333333333334,22.86,47.6,28.828571428571426,30.25,
WAVERLY CUSD 6,27.5,21.2,,15.4,,,,,
WAYNE CITY CUSD 100,66.0,57.9,,51.6,46.3,,34.3,,
WESCLIN CUSD 3,65.76666666666667,51.26666666666667,35.2,62.76666666666667,45.75,35.8,53.3,33.3,23.2
WEST CARROLL CUSD 314,39.3,36.7,,29.8,23.9,,26.0,,
WEST CENTRAL CUSD 235,31.0,25.3,,28.1,23.1,,41.5,30.8,
WEST CHICAGO ESD 33,34.96,29.759999999999998,,30.02,25.119999999999997,,27.35,35.0,
WEST LINCOLN-BROADWELL ESD 92,69.8,62.5,,50.8,50.0,,38.5,,
WEST NORTHFIELD SD 31,63.6,46.2,27.0,61.7,45.1,28.6,56.1,40.7,
WEST PRAIRIE CUSD 103,47.75,45.8,,29.900000000000002,36.6,,47.8,,
WEST WASHINGTON CO CUD 10,66.0,50.0,,54.1,31.8,,61.5,,
WESTCHESTER SD 92-5,41.3,32.3,,39.4,30.8,19.4,27.9,22.0,
WESTERN CUSD 12,48.7,34.3,,32.8,17.1,,,,
WESTERN SPRINGS SD 101,80.2,,54.93333333333334,74.7,,51.833333333333336,64.26666666666667,,
WESTVILLE CUSD 2,36.0,33.1,11.9,24.0,17.4,,36.7,32.7,
WETHERSFIELD CUSD 230,57.9,51.3,,37.2,24.4,,62.5,,
WHEELING CCSD 21,35.97777777777778,27.9,32.2,35.94444444444444,29.377777777777776,37.75,37.233333333333334,32.980000000000004,41.0
WHITESIDE SD 115,39.9,34.3,20.3,34.6,24.3,18.6,,,
WILL COUNTY SD 92,67.65,49.75,,55.349999999999994,41.05,,51.2,39.2,
WILLIAMSFIELD CUSD 210,81.8,,,75.8,,,,,
WILLIAMSVILLE CUSD 15,71.9,59.4,35.0,64.8,53.1,37.5,,,
WILLOW GROVE SD 46,40.8,39.8,,43.2,47.3,41.6,,,
WILLOW SPRINGS SD 108,51.6,44.4,,36.0,26.4,,34.1,25.4,
WILMETTE SD 39,85.46000000000001,55.6,72.0,82.74,,71.38,71.0,,56.8
WILMINGTON CUSD 209U,49.3,31.9,,53.7,41.0,19.6,40.8,32.7,
WINCHESTER CUSD 1,59.1,53.0,22.5,36.1,29.1,19.7,46.8,52.8,
WINDSOR CUSD 1,46.0,38.6,,39.0,36.4,,,,
WINFIELD SD 34,54.0,33.3,31.1,45.5,24.1,24.4,55.1,,
WINNEBAGO CUSD 323,51.0,40.3,25.3,44.3,32.5,22.4,44.0,43.9,
WINNETKA SD 36,85.425,,64.5,83.1,,60.875,73.7,,50.0
WINTHROP HARBOR SD 1,33.1,24.5,,43.0,41.7,,,,
WOLF BRANCH SD 113,75.8,60.6,46.7,76.9,72.7,55.6,,,
WOOD DALE SD 7,39.2,39.2,19.6,33.6,31.4,19.2,38.9,35.1,
WOOD RIVER-HARTFORD ESD 15,42.0,38.900000000000006,,28.0,27.9,,27.0,,
WOODLAND CCSD 50,47.3,31.9,27.5,35.900000000000006,21.35,20.35,38.3,24.0,16.7
WOODLAND CUSD 5,33.2,23.5,,34.2,21.0,21.2,29.1,,
WOODLAWN UNIT SCHOOL DISTRICT 209,52.2,46.7,27.3,44.7,29.5,22.7,47.2,38.7,
WOODRIDGE SD 68,63.13333333333333,46.28333333333333,37.0,48.56666666666666,31.483333333333334,30.6,42.483333333333334,,
WOODSTOCK CUSD 200,63.70000000000001,53.699999999999996,30.175,39.93333333333333,28.566666666666666,34.0,36.550000000000004,29.2,
WORTH SD 127,42.45,42.8,24.0,29.5,29.8,,28.0,28.95,
YORKVILLE CUSD 115,53.48571428571428,41.220000000000006,28.525,49.028571428571425,34.06666666666667,29.849999999999998,40.325,26.0,
ZEIGLER-ROYALTON CUSD 188,40.2,34.9,,20.5,17.4,,27.0,,
ZION ESD 6,15.8,15.25,,7.35,6.6499999999999995,,18.1,15.2,
