District,ELA_Proficiency,ELA_Proficiency_LowIncome,ELA_Proficiency_CWD,Math_Proficiency,Math_Proficiency_LowIncome,Math_Proficiency_CWD,Science_Proficiency,Science_Proficiency_LowIncome,Science_Proficiency_CWD,missing_frac,missing_count
A-C CENTRAL CUSD 262,56.5,50.0,35.60241861572439,43.5,41.271621283890696,37.21517318275507,51.77959440951407,52.872208163878874,38.0411044859069,0.6,6.0
ABINGDON-AVON CUSD 276,52.0,38.6,25.196373151830976,45.8,29.7,22.470877167607416,45.8,29.187738340483783,29.581651844134186,0.4,4.0
ACE AMANDLA CHARTER SCHOOL,45.00763492802237,38.54585225479123,21.921152950625437,29.322000933554236,29.027805502242824,24.14431208766062,45.69008851355023,36.39943675864971,34.68653141891675,0.9,9.0
ADDISON SD 4,40.028571428571425,34.42857142857143,25.0,30.214285714285715,25.657142857142855,25.0,34.980000000000004,33.86666666666667,39.254788397068616,0.1,1.0
AKIN CCSD 91,68.9,60.0,27.585573400741442,57.4,48.6,33.87990711194963,57.1,41.628292833954305,37.37713355012083,0.4,4.0
ALBERS SD 63,66.0,61.642335335221546,44.67206218919618,56.0,47.23136333850074,38.480331426495596,63.0,46.09730068062492,41.6793221709984,0.6,6.0
ALDEN HEBRON SD 19,60.2,62.2,39.52640463428371,53.0,56.8,43.024751713378095,59.1,46.57292198508864,42.82994878827671,0.4,4.0
ALLEN-OTTER CREEK CCSD 65,38.5,21.34690313933355,37.464356766433994,33.8,15.071977620696753,35.71597146090663,58.8,56.226578492096735,65.6001097679582,0.6,6.0
ALLENDALE CCSD 17,51.1,41.9,36.98259087903698,27.3,24.8691795409284,25.37081819174162,40.0,36.804063783449344,35.091702075955865,0.5,5.0
ALSIP-HAZLGRN-OAKLWN SD 126,49.23333333333333,43.8,5.4020827526897675,27.8,23.766666666666666,0.4575084758862835,31.0,18.9,-9.724262927078811,0.3,3.0
ALTAMONT CUSD 10,62.2,60.0,21.1,45.9,41.6,19.3,48.1,49.0,24.130355248981267,0.1,1.0
ALTON CUSD 11,33.666666666666664,24.233333333333334,17.8,26.566666666666663,18.8,16.6,22.266666666666666,18.8,24.4,0.0,0.0
ALWOOD CUSD 225,57.9,52.8,23.074678612303742,43.4,33.3,21.791864978659742,44.0,30.227351701368864,36.11688069104745,0.4,4.0
AMBOY CUSD 272,55.7,42.9,43.54383717779064,58.8,53.1,50.0,46.89013037422232,35.510386636209965,44.04602222163382,0.4,4.0
ANNA CCSD 37,50.8,47.2,35.305275103389924,50.0,40.3,26.93202478482414,64.36441351755373,59.23708325339172,38.49140807223836,0.5,5.0
ANNAWAN CUSD 226,75.9,69.8,39.484229941227724,50.7,44.9,13.35702595041248,52.9,34.3139066377285,0.5197788613496108,0.4,4.0
ANTIOCH CCSD 34,55.6,38.3,29.433333333333337,47.4,29.200000000000003,26.0,48.06666666666666,32.6,48.1,0.0,0.0
APTAKISIC-TRIPP CCSD 102,72.0,48.9,34.7,69.86666666666666,34.8,33.3,69.4,40.0,34.2,0.0,0.0
ARBOR PARK SD 145,39.6,35.5,19.61572659072684,36.3,30.4,15.152209624109224,31.49802421902997,24.485731554533892,48.41565514312276,0.5,5.0
ARCOLA CUSD 306,42.2,28.2,21.8,26.2,14.7,6.606000288119565,40.9,38.5,44.93878787451784,0.2,2.0
ARGENTA-OREANA CUSD 1,51.9,38.2,32.540035166401886,40.9,27.5,37.59600191798903,40.0,35.6,41.56386159169385,0.3,3.0
ARLINGTON HEIGHTS SD 25,73.05714285714285,50.1,46.6,71.7,49.349999999999994,45.400000000000006,67.25714285714285,39.570648427902505,48.95,0.1,1.0
ARMSTRONG-ELLIS CONS SD 61,63.3,53.6,27.123130677626367,31.7,24.21108371310161,14.902877079058815,60.0,48.58335804416805,45.34772183785598,0.5,5.0
ARTHUR CUSD 305,47.43333333333334,36.86666666666667,31.4,34.63333333333333,26.96666666666667,31.4,37.5,40.16255697754106,34.125229806168754,0.2,2.0
ASHLEY CCSD 15,44.9,39.5,26.177514880503683,33.3,28.9,20.80069488203572,41.2,29.730748904535606,44.13386225772405,0.4,4.0
ASHTON-FRANKLIN CENTER CUSD 275,42.6,44.3,21.479513374373724,31.9,29.0,19.608971477199614,44.4,46.18686456957456,29.819644363842205,0.4,4.0
ASTORIA CUSD 1,47.6,40.0,40.98524111169781,30.2,30.0,29.743213764200064,91.7,90.27235639608841,82.44783136957659,0.4,4.0
ATHENS CUSD 213,68.85,54.650000000000006,46.244560870142614,63.5,45.75,41.21114711834862,54.7,45.071913284781665,32.0717555806211,0.4,4.0
ATWOOD HEIGHTS SD 125,31.7,27.6,20.4,20.1,19.4,12.097282061213493,38.9,45.0,34.52148381157716,0.2,2.0
AUBURN CUSD 10,37.0,29.5,-0.8211724404842276,27.6,20.2,27.851106910199523,36.6,32.4,25.700878559173866,0.3,3.0
AURORA EAST USD 131,27.26923076923077,27.083333333333332,77.3,18.03076923076923,18.172727272727272,47.6,36.25,53.833333333333336,73.40208531419913,0.1,1.0
AURORA WEST USD 129,31.839999999999996,22.52,25.0,29.65,20.61,24.5,33.2375,23.566666666666663,32.577279334894854,0.1,1.0
AVISTON SD 21,80.4,50.0,38.6,75.1,43.42551831499599,27.3,66.3,46.41945848299655,30.315994125922952,0.3,3.0
AVOCA SD 37,88.2,80.8,64.5,76.9,57.7,51.6,70.4,53.267924149711206,54.29860309522836,0.2,2.0
BALL CHATHAM CUSD 5,69.7,54.7,36.05,60.6,40.025,33.125,48.1,20.3,20.0,0.0,0.0
BANNOCKBURN SD 106,86.7,73.24639438996459,58.54268173235259,81.4,63.0349561759996,66.0647381085325,70.3,57.32114643105788,60.23043508497459,0.6,6.0
BARRINGTON CUSD 220,75.9875,62.10000000000001,60.528571428571425,66.85,43.54,51.871428571428574,69.78571428571429,50.94995085449168,68.66666666666667,0.1,1.0
BARTELSO SD 57,86.8,74.54335435446943,84.6,68.6,48.49463547112211,59.1253110581813,74.4,60.17405983007923,78.84773091805035,0.5,5.0
BARTONVILLE SD 66,34.6,28.2,26.099073437822113,15.5,16.94667078261224,12.86080259318965,41.633330693940216,38.72462480346158,52.728590873368155,0.6,6.0
BATAVIA USD 101,65.81666666666666,42.73333333333333,44.23333333333333,65.89999999999999,40.333333333333336,42.68333333333334,54.25,45.20941370986779,54.2,0.1,1.0
BEACH PARK CCSD 3,29.25,24.925,25.953359011313125,20.025,18.533333333333335,20.879917436850995,20.075,11.123434802501256,26.392860961613057,0.4,4.0
BEARDSTOWN CUSD 15,12.0,10.5,-4.928763473772458,16.4,15.8,-4.706388738103628,33.72471632330328,39.52896067193441,25.740366456633407,0.5,5.0
BEECHER CITY CUSD 20,54.9,52.2,40.809273991796616,50.0,47.8,36.839232925114324,42.3,48.38774638789794,42.54524364038117,0.4,4.0
BEECHER CUSD 200U,74.0,62.9,40.0,45.6,33.0,19.7,38.5,25.20354850932258,44.72585829708859,0.2,2.0
BELLE VALLEY SD 119,47.7,42.3,8.4,24.7,19.3,1.5170518469166785,37.6,29.7,9.338804730756468,0.2,2.0
BELLEVILLE SD 118,47.0875,42.1125,25.4,31.3125,25.8125,27.9,38.55,33.325,44.914359039179764,0.1,1.0
BELLWOOD SD 88,32.15,32.275,11.147735737112676,21.200000000000003,21.275,4.100042284193631,23.3,23.6,19.0255815641899,0.3,3.0
BELVIDERE CUSD 100,36.25,29.833333333333332,16.326456199459585,33.199999999999996,25.866666666666664,22.2,32.71666666666667,23.299999999999997,38.66787647928274,0.2,2.0
BEMENT CUSD 5,52.6,51.5,36.008159808199714,45.6,45.5,24.56501844429863,61.1,59.261783259067,43.349109918987274,0.4,4.0
BENJAMIN SD 25,59.0,50.695024675514,37.00712316719659,62.1,54.994567737521876,43.15000956661243,58.86049218289961,53.513580418487216,60.22727642422279,0.7,7.0
BENSENVILLE SD 2,42.349999999999994,33.95,28.1,34.45,25.2,19.3,31.549999999999997,20.299999999999997,18.058885802102232,0.1,1.0
BENTON CCSD 47,43.9,38.9,27.3,32.0,28.0,19.7,53.57513885221619,50.8843014515754,38.04738252490248,0.3,3.0
BERKELEY SD 87,31.75,30.25,10.654893259839206,28.35,25.950000000000003,21.9,18.55,15.45,12.61741877602145,0.2,2.0
BERWYN NORTH SD 98,49.1,47.833333333333336,27.95,38.9,36.666666666666664,24.0,28.6,26.433333333333337,7.671143741179456,0.1,1.0
BERWYN SOUTH SD 100,44.75,39.766666666666666,23.939869070386017,37.833333333333336,34.36666666666667,20.066129716392123,37.02,33.833333333333336,27.905045079435823,0.3,3.0
BETHALTO CUSD 8,42.85,32.0,25.8,35.5,28.4,37.02154889876036,38.8,27.3,50.59859682020707,0.2,2.0
BETHEL SD 82,48.5,45.2,26.934020487296138,30.0,27.8,24.510230373085278,35.1,29.697343410322087,24.42264838523782,0.4,4.0
BETTY SHABAZZ INTERNATIONAL CHARTER SCHOOL,44.3,44.3,8.220452897133157,20.95,20.95,1.192330773282283,25.2,25.2,9.477658486937495,0.3,3.0
BIG HOLLOW SD 38,42.4,29.1,28.54589441160985,40.4,28.4,28.169835433094438,49.06658640160082,36.59332273984319,56.961781383552434,0.5,5.0
BISMARCK HENNING CUSD,33.9,17.9,32.391619822897724,41.5,28.6,34.12983268763549,50.58359124154524,30.142039960972586,53.64123849877255,0.5,5.0
BLOOMINGDALE SD 13,72.75,63.2,34.4,58.75,52.6,44.6,61.75,54.97034095954202,35.28281744066314,0.2,2.0
BLOOMINGTON SD 87,38.6,30.116666666666664,24.5,28.5,20.616666666666667,26.8,40.675,46.55,20.31316299799678,0.1,1.0
BLUE RIDGE CUSD 18,48.849999999999994,43.6,30.8,38.3,30.65,15.4,30.5,27.3,26.94403653616903,0.1,1.0
BLUFORD UNIT SCHOOL DISTRICT 318,38.7,26.9,22.933951855858723,19.1,12.001604611910178,21.561627672858627,24.0,14.252608629347643,31.139961943494498,0.5,5.0
BOND COUNTY CUSD 2,65.6,56.150000000000006,27.1,44.349999999999994,35.95,2.7413980690944975,56.6,43.9,18.423829473089967,0.2,2.0
BOURBONNAIS SD 53,50.625,43.06666666666666,33.75,49.475,39.1,34.2,32.9,27.4,25.8,0.0,0.0
BRACEVILLE SD 75,27.3,30.8,6.000758950629031,18.4,25.129010725280015,14.241286743934877,16.100750679461505,20.97407058583541,36.127588059385786,0.6,6.0
BRADFORD CUSD 1,58.8,53.3,49.13304000599558,54.9,46.7,55.851322020520485,48.83981046811295,34.64397604332993,48.06004874577746,0.5,5.0
BRADLEY SD 61,41.1,36.9,19.1,28.6,27.4,18.1,31.0,31.7,28.41812601209116,0.1,1.0
BREESE ESD 12,78.0,69.4,29.4,53.9,40.9,31.844931050464687,46.2,27.54187419604491,27.865599749407842,0.3,3.0
BRIMFIELD CUSD 309,54.7,32.1,35.76927274640784,45.5,20.4,33.963590018528116,54.2,27.216136884700603,50.474703083564236,0.4,4.0
BROOKFIELD LAGRANGE PARK SD 95,62.6,46.3,26.3,47.1,26.3,20.0,46.6,34.87961625281437,34.4,0.1,1.0
BROOKLYN UD 188,39.647565137525405,36.76596675707569,12.85384602475358,29.667884416742936,19.291634454405454,11.740827948201439,35.66373141534961,22.311741438416703,26.069871233068998,0.9,9.0
BROOKWOOD SD 167,27.0,25.2,17.201100136565966,23.4,18.6,22.315140147633407,16.9,17.6,33.525147264118864,0.3,3.0
BROWN COUNTY CUSD 1,42.7,28.3,18.7243711308217,46.3,30.4,19.639310122186032,45.573774520902944,38.10586923250763,24.075149841852642,0.5,5.0
BROWNSTOWN CUSD 201,47.0,38.4,27.11504109119854,24.2,20.5,20.055604257204166,26.3,34.40537958048539,36.13484621383033,0.4,4.0
BRUSSELS CUSD 42,30.791087249423395,27.42961280713418,29.977291656637476,29.480704234451082,30.698456313065513,38.44484119831218,39.965978746865076,47.9918780124839,67.11820381643756,0.9,9.0
BUNCOMBE CONS SD 43,37.5,37.8,2.136642381987503,30.0,29.7,8.257163061488944,32.5380036741984,35.18399920721996,7.929969639351308,0.5,5.0
BUNKER HILL CUSD 8,56.5,43.2,33.248245777665616,22.4,14.4,9.093642656493062,54.8,34.2,40.80279018044408,0.3,3.0
BURBANK SD 111,48.98333333333333,47.55,25.977945056558134,33.166666666666664,30.866666666666664,22.65367374611923,28.316666666666663,26.1,22.36110681664647,0.3,3.0
BUREAU VALLEY CUSD 340,62.0,53.5,30.9,47.2,33.0,16.4,53.8,41.9,26.48263784125499,0.1,1.0
BURNHAM SD 154-5,37.1,37.2,25.15983807958384,19.6,20.2,11.447357491021204,17.852100127916298,20.40130926381158,15.227364657321889,0.5,5.0
BUSHNELL PRAIRIE CITY CUSD 170,17.6,26.720480913256054,15.448269794330503,16.7,23.823181605439434,10.290258218848443,18.760461635768646,15.976408151266947,35.19763359456398,0.7,7.0
BUTLER SD 53,84.6,75.36512702160272,45.8,79.9,75.54363684576941,62.5,87.5,72.75522478307447,46.1252105830933,0.4,4.0
BYRON CUSD 226,68.9,58.0,25.0,70.5,58.0,32.1,63.0,58.1,28.94709589301802,0.1,1.0
CAHOKIA CUSD 187,15.233333333333333,13.2,-4.10339686690282,8.733333333333334,9.3,7.005232694787685,17.997199844136222,21.05170693829877,17.433262072548846,0.5,5.0
CAIRO USD 1,21.9875951686707,27.985144861859254,19.628233206856,8.895549868282552,24.270443841834346,20.17194381926951,16.664084464435614,22.317150470753482,27.191624478835337,0.9,9.0
CALHOUN CUSD 40,45.7,32.0,32.492972747511594,40.1,33.3,32.3,39.0,33.3,36.387991035119924,0.2,2.0
CALUMET CITY SD 155,20.1,21.0,-2.4927058651396496,13.4,13.8,-8.942274798505114,19.964178668765513,21.13466333453686,10.88365315868778,0.5,5.0
CALUMET PUBLIC SD 132,31.45,33.75,23.82043276333337,7.9,8.466392889012003,15.517808350045357,13.4,13.35662202323282,21.131895129528935,0.5,5.0
CAMBRIDGE CUSD 227,71.0,72.1,50.08330893407043,61.3,55.8,45.638844862664534,67.7,62.83941525545715,76.53177547347762,0.4,4.0
CANTON UNION SD 66,48.36666666666667,36.36666666666667,14.996242708514067,50.03333333333333,39.833333333333336,33.88698314003572,50.6826050104365,41.76931803538993,60.80455967074307,0.5,5.0
CARBON CLIFF-BARSTOW SD 36,21.7,21.7,29.562106187482453,9.6,9.6,12.596087356254243,27.3,27.3,45.57381785794174,0.3,3.0
CARBONDALE ESD 95,27.25,19.05,12.200406939555933,16.45,8.75,8.317033318369125,26.0,12.8,27.232753194266227,0.3,3.0
CARLINVILLE CUSD 1,64.6,58.0,46.0,51.2,41.2,38.0,41.3,31.4,40.86912731958609,0.1,1.0
CARLYLE CUSD 1,54.7,45.1,35.876131086513126,51.4,41.5,36.81955823349621,57.658574440098526,46.21979319893108,57.71741183461273,0.5,5.0
CARMI-WHITE COUNTY CUSD 5,66.19999999999999,51.2,32.7,72.15,63.55,58.7,54.8,32.6,52.72125526022897,0.1,1.0
CARRIER MILLS-STONEFORT CUSD 2,46.2,42.0,3.331602644972924,9.7,8.394518763304793,5.610591829709071,20.0,11.365036933930558,18.500932301020484,0.5,5.0
CARROLLTON CUSD 1,35.0,30.3,24.3,25.9,22.2,32.84647848165893,30.2,25.896174129547628,54.36345160958332,0.3,3.0
CARTERVILLE CUSD 5,71.65,59.15,31.1,68.85,56.85,30.0,52.3,47.0,20.945347164337786,0.1,1.0
CARTHAGE ESD 317,35.6,34.3,17.30303994276982,24.1,21.265801813622097,17.12186624524669,31.124013251400783,20.182114631476523,40.42476128607912,0.6,6.0
CARY CCSD 26,60.56666666666666,45.3,30.766666666666666,51.13333333333333,34.4,33.0,52.4,29.4,39.93187421615279,0.1,1.0
CASEY-WESTFIELD CUSD 4C,54.4,48.6,29.2194510254434,41.7,28.8,29.865392580756442,36.1,23.968245232547506,21.20292560189175,0.4,4.0
CASS SD 63,68.2,41.7,36.7,69.3,41.7,43.880697787620306,76.57113362435801,52.01838586681375,38.74619350909067,0.4,4.0
CCSD 146,61.6,52.775,33.349999999999994,51.85,43.05,35.2,37.325,46.2,50.71033224905828,0.1,1.0
CCSD 168,25.6,24.8,28.006237118402467,7.6,7.8,23.972664635474715,10.7,19.124701917409837,54.339506814504404,0.4,4.0
CCSD 180,35.2,33.4,2.557455643813311,33.1,31.0,9.549631124172182,47.22265208169737,45.79331120523462,17.230806167382852,0.5,5.0
CCSD 204,48.8,44.4,37.158394198464784,28.5,28.9,24.210919738803284,47.6,39.70866645966998,47.605145720112965,0.4,4.0
CCSD 62,62.14444444444444,53.84444444444445,42.84,53.8,45.98888888888889,36.975,44.9375,49.833333333333336,41.6893692577401,0.1,1.0
CCSD 89,67.75,44.7,41.0,67.5,35.6,49.7,57.65,27.10798830773308,31.17696730215163,0.2,2.0
CCSD 93,54.028571428571425,37.55714285714286,23.866666666666664,43.285714285714285,28.142857142857142,19.5,48.1,31.85,41.54156039202502,0.1,1.0
CENTER CASS SD 66,53.2,34.3,29.8,59.8,42.9,33.2,52.8,34.9123444778442,27.901770047803012,0.2,2.0
CENTRAL A & M CUD 21,52.5,43.3,51.64778469212805,43.9,25.0,45.440874126468145,45.2,41.2710180967738,61.468525608883105,0.4,4.0
CENTRAL CITY SD 133,58.8,53.8,26.0,30.4,23.8,5.4404673268956145,48.1,41.0,25.959417710144916,0.2,2.0
CENTRAL CUSD 3,56.3,45.1,23.615503267815964,45.2,39.2,31.4725132653611,60.75714893445901,55.63074932657758,20.743791939496568,0.5,5.0
CENTRAL CUSD 301,73.35,56.075,42.725,61.025000000000006,40.6,34.325,60.349999999999994,41.7,26.544370391293445,0.1,1.0
CENTRAL CUSD 4,54.6,48.7,38.57159692151208,62.5,60.3,44.186057215224324,53.2013439290571,62.49102184113961,54.18283519676102,0.5,5.0
CENTRAL SD 104,37.2,27.0,34.31631616560814,47.8,30.6,41.781229701371835,56.758190180675896,42.47454692453804,50.48230958018762,0.5,5.0
CENTRAL SD 51,68.6,50.2,38.15,56.9,30.549999999999997,28.35,70.5,50.0,34.6,0.0,0.0
CENTRAL STICKNEY SD 110,59.9,57.8,40.182636486765105,49.4,43.1,24.57627155177688,32.1,30.3,34.2146949747435,0.3,3.0
CENTRALIA SD 135,32.7,32.75,13.5,21.95,21.95,-4.607861040868073,24.0,24.1,6.393882362241849,0.2,2.0
CENTURY CUSD 100,42.9,35.6,23.66813198970911,21.90285931145932,17.49147607600265,19.301317689488496,38.04968670031385,41.62767777151552,47.54923396322079,0.7,7.0
CERRO GORDO CUSD 100,52.8,48.1,17.54250360650572,38.7,27.8,23.039877291217415,36.8,33.44988493234895,28.18786035187137,0.4,4.0
CHADWICK-MILLEDGEVILLE CUSD 399,70.2,66.7,53.535524677739026,65.5,61.9,49.979500530990165,65.01898581780117,59.040889421690075,44.660584923496145,0.5,5.0
CHAMPAIGN CUSD 4,36.4,21.433333333333337,25.933333333333337,32.35,17.972727272727273,22.15,37.111111111111114,33.2,43.672706542177856,0.1,1.0
CHANEY-MONGE SD 88,33.1,31.6,19.217193647353874,13.9,13.8,1.4942252296941625,23.8,22.5,14.592071000791595,0.3,3.0
CHANNAHON SD 17,66.5,53.651904869267895,30.75,65.9,50.86014671689131,39.5,51.0,36.226888161955806,27.981292334919903,0.4,4.0
CHARLESTON CUSD 1,47.5,31.65,25.97611926711608,36.65,23.200000000000003,34.73828931503894,29.5,17.6,20.401906650678505,0.3,3.0
CHESTER CUSD 139,44.8,36.5,20.5,24.9,21.3,12.01656599476085,31.0,28.1,35.72110492936264,0.2,2.0
CHESTER-EAST LINCOLN CCSD 61,72.6,61.7,40.88764339244411,49.2,41.9,56.73951280026533,52.2,40.5,52.65065852173076,0.3,3.0
CHICAGO HEIGHTS SD 170,45.71111111111111,46.24444444444444,17.798911071156773,34.31111111111111,34.68888888888889,16.13202534348016,36.1,36.1,39.30755941522651,0.3,3.0
CHICAGO PUBLIC SCHOOLS DISTRICT 299,38.706896551724135,34.898060344827584,29.040522875816993,25.35734597156398,21.576691729323308,24.516964285714288,33.74033333333333,27.640167364016737,36.45,0.0,0.0
CHICAGO RIDGE SD 127-5,38.75,36.05,24.05,28.6,25.35,22.8,29.4,27.72323687002731,35.80123967432044,0.2,2.0
CHRISTOPHER USD 99,51.0,43.2,13.3,15.0,10.8,3.4596628532988314,48.4,40.8,31.280728847226275,0.2,2.0
CICERO SD 99,32.324999999999996,31.133333333333336,13.8,28.375,27.566666666666663,19.5,25.544444444444444,25.333333333333332,27.442483194414365,0.1,1.0
CISSNA PARK CUSD 6,62.3,45.8,41.726451845941476,59.0,45.8,43.310808960060584,44.94448221201893,34.61434784751505,37.46006514555053,0.5,5.0
CLAY CITY CUSD 10,35.7,30.464855897675193,37.91348158458176,28.6,27.54578415766368,32.95102088204498,25.306995317093243,26.54787253472586,16.146940885123104,0.7,7.0
CLINTON CUSD 15,57.2,42.7,26.5,43.0,26.8,25.9,43.9,35.1,38.05108367938347,0.1,1.0
COAL CITY CUSD 1,66.1,56.75,42.9,55.349999999999994,38.150000000000006,28.6,58.5,47.9,47.63599442854181,0.1,1.0
COBDEN SUD 17,55.2,56.7,37.06637984075905,39.6,40.0,32.53470474174624,56.7,59.3,57.86010362981826,0.3,3.0
COLLINSVILLE CUSD 10,44.8875,39.3375,15.7,40.1625,34.1625,7.4,32.1,22.6,16.203205542897777,0.1,1.0
COLONA SD 190,38.9,39.0,38.13968373830246,25.8,22.2,38.731980143655235,36.8,33.04095107499811,64.71818293291169,0.4,4.0
COLUMBIA CUSD 4,81.3,78.4,40.7,83.7,64.9,51.9,64.20667681448248,62.46617517079735,45.841084555492635,0.3,3.0
COMM CONS SD 59,45.22727272727273,36.06363636363636,33.54,41.61818181818182,31.218181818181815,37.05,44.85,33.760000000000005,63.44390644408591,0.1,1.0
COMMUNITY UNIT SCHOOL DISTRICT NO 196,52.4,49.0,41.35804778507974,37.8,34.3,33.7829274058458,49.2,51.3,39.357121630675394,0.3,3.0
COOK COUNTY SD 130,37.542857142857144,32.357142857142854,27.5,27.271428571428572,23.442857142857143,52.4,20.25,18.35,47.77444613126374,0.1,1.0
CORNELL CCSD 426,60.0,40.0,41.598753838966765,30.0,18.4622013832315,25.37543808094422,62.101774212697094,46.9875154960595,46.535891965006876,0.6,6.0
COULTERVILLE USD 1,31.7,28.606067572208133,5.653802383312687,48.8,46.4,27.034800629620943,29.028964711331916,13.855069249664044,17.50302555342038,0.6,6.0
COUNTRY CLUB HILLS SD 160,28.4,24.6,17.880718632911435,12.2,8.9,15.849271940233159,20.0,18.4,45.841643578327535,0.3,3.0
COUNTY OF UNION SCH DIST NO43,79.3,78.0,55.6,58.1,49.0,55.6,49.3,36.8,51.98880516124649,0.1,1.0
COUNTY OF WINNEBAGO SD 320,29.0,30.1,4.8047036171857265,22.3,31.0,5.513340552279286,14.9,20.82751830150323,3.904311965238417,0.4,4.0
COWDEN-HERRICK CUSD 3A,75.3,72.7,56.5,50.6,40.9,31.02956045123434,67.9,57.30427142553479,66.41486473613539,0.3,3.0
CRAB ORCHARD CUSD 3,57.2,51.2,33.13529375123852,38.7,26.8,19.50769604330308,54.7,36.84742892453238,45.215039013707695,0.4,4.0
CRESCENT IROQUOIS CUSD 249,50.0,41.212125527643586,29.91471790165624,26.863208309832437,22.378153278099543,19.428694765278713,45.99819230410816,36.06885796385932,43.97982949697944,0.8,8.0
CRESTON CCSD 161,66.0,56.26556466285964,20.012140409898624,70.2,52.6,22.498507642956355,50.0,36.08026675963798,-1.9780943896463903,0.5,5.0
CRETE MONEE CUSD 201U,36.78,32.86,39.3,21.24,18.04,28.666981109420217,25.25,14.7,52.68171892093128,0.2,2.0
CREVE COEUR SD 76,40.4,40.3,25.305027319059956,27.0,23.6,23.05383967966532,32.23233090983379,30.66122834717664,31.76978069742965,0.5,5.0
CRYSTAL LAKE CCSD 47,56.388888888888886,43.97777777777778,29.58888888888889,44.766666666666666,29.77777777777778,26.299999999999997,45.63333333333333,23.6,23.132112185998476,0.1,1.0
CUMBERLAND CUSD 77,47.5,42.5,41.57669830326107,56.0,50.0,47.79345929675835,39.24281838520083,35.25476809896545,52.51176235030465,0.5,5.0
CUSD 200,73.83076923076922,52.00909090909091,49.475,68.34615384615384,46.11,45.81666666666666,57.638461538461534,31.35,50.0,0.0,0.0
CUSD 201,75.9,67.4,63.5,71.6,54.7,58.1,54.7,36.7,39.3,0.0,0.0
CUSD 3 FULTON COUNTY,53.8,37.1,30.364206759120762,39.7,34.3,39.118444681028265,59.572087623819755,51.239000061143216,55.74240630076683,0.5,5.0
CUSD 300,49.43157894736842,41.38947368421052,25.53846153846154,45.252631578947366,36.13157894736842,26.936363636363637,40.705882352941174,29.55454545454546,39.7,0.0,0.0
CUSD 308,58.27692307692307,43.607692307692304,28.5,47.43846153846154,31.258333333333336,27.714285714285715,49.26923076923077,44.8,47.8,0.0,0.0
CUSD 4,60.8,57.2,28.2,49.099999999999994,41.65,18.729576821555064,40.8,32.7,26.118077576114032,0.2,2.0
CYPRESS SD 64,36.7,37.9,30.622713301773814,33.3,30.951206101360572,22.468162983709444,47.03903846734306,39.28450795143429,37.42840423684768,0.6,6.0
DAKOTA CUSD 201,47.6,37.5,23.91088700469427,45.3,39.8,26.2,39.3,34.136964945766174,30.265215913869028,0.3,3.0
DALLAS ESD 327,48.4,46.5,20.09076860074213,34.4,38.0,14.640313926811405,51.6,45.5,12.107722349678902,0.3,3.0
DALZELL SD 98,65.4,54.28966891452429,29.87522146437496,52.98995530052102,38.558689311655996,29.554682720294913,47.5193070922291,45.670981644758506,29.085167217679867,0.8,8.0
DAMIANSVILLE SD 62,97.1,85.76628229793293,94.1,82.6,60.680972798888035,64.7,94.1,78.08405094374203,80.28361609888269,0.4,4.0
DANVILLE CCSD 118,25.75,24.083333333333332,12.943982090568669,19.666666666666668,17.95,9.446271046710882,34.6,38.4163938511761,37.153527909404204,0.4,4.0
DARIEN SD 61,62.6,48.4,25.4,58.3,37.5,23.7,41.7,21.55421306343784,12.716044278838936,0.2,2.0
DECATUR SD 61,18.57,16.0,21.733522365264477,8.7625,6.585714285714286,24.311842026542152,21.92,17.55,56.37451760254884,0.3,3.0
DEER CREEK-MACKINAW CUSD 701,68.45,61.25,30.950000000000003,45.55,36.5,24.867681765482637,65.4,52.8,17.835381626217497,0.2,2.0
DEER PARK CCSD 82,80.0,83.25885263014202,38.30104702139555,50.0,53.24062135914476,29.541063536708982,49.76272986072844,43.045619143391754,15.791769659410653,0.7,7.0
DEERFIELD SD 109,80.875,69.0,61.175,76.8,54.164395038662626,57.75,58.575,44.67352625526544,47.96666666666667,0.2,2.0
DEKALB CUSD 428,26.2875,19.6,14.5,21.85,16.2,19.292466895634387,26.225,29.122770910693017,47.071457137046266,0.3,3.0
DELAND-WELDON CUSD 57,55.3,52.4,33.93842160294173,34.2,23.10001130661987,21.06927203347572,44.47083384319075,38.23981193101295,39.361044822496424,0.6,6.0
DELAVAN CUSD 703,40.8,31.0,13.785963849440405,25.2,26.2,6.685307288441341,39.4,37.36853413692622,14.554669970260301,0.4,4.0
DEPUE USD 103,17.2,14.9,7.772274821313503,8.6,12.424599200790658,19.330514468849444,12.286867394723192,25.2018191226877,30.981473095761682,0.6,6.0
DESOTO CONS SD 86,36.3,31.3,7.020878774998967,17.7,18.50583365754249,2.896172270347714,32.3,19.814885454387756,8.768858588414687,0.5,5.0
DIAMOND LAKE SD 76,35.4,20.4,23.246835759915093,30.0,15.6,20.4,33.8,20.0,33.53326481164645,0.2,2.0
DIETERICH CUSD 30,70.9,60.0,42.819545429829155,67.0,44.0,33.10855462858654,76.2,58.32025992566696,33.861339810736666,0.4,4.0
DIMMICK COMMUNITY CONSOLIDATED SD #175,66.3,62.03082231429698,52.69651281549658,38.0,27.98704351783226,29.24041139129136,38.2,34.74754922174867,36.922429782456554,0.6,6.0
DISTRICT 50 SCHOOLS,36.25,25.7,25.375110252797633,26.65,20.6,13.368826638176204,43.1,35.2,36.95731503116567,0.3,3.0
DIXON USD 170,41.25,33.849999999999994,16.5,41.9,32.0,16.7,32.6,25.5,21.884424716905823,0.1,1.0
DOLTON SD 148,27.2,27.03333333333333,19.540632185754646,13.466666666666669,13.383333333333333,14.841726873420043,38.5,40.0,45.31634874555999,0.3,3.0
DOLTON SD 149,23.860000000000003,23.64,4.023713174355498,14.24,14.14,2.7105903295916343,20.362047815740627,23.178353242597932,22.711526235595986,0.5,5.0
DONGOLA USD 66,27.1,27.1,20.049260806702108,20.8,20.8,28.928820368989506,22.545979753642065,20.983724754756313,13.294965924423856,0.5,5.0
DONOVAN CUSD 3,61.3,58.5,40.65394331903761,65.3,63.4,36.10002927058766,63.0,75.0,45.82035479920783,0.3,3.0
DOWNERS GROVE GSD 58,73.36363636363636,45.214285714285715,47.04545454545455,68.23636363636363,36.0,46.29090909090909,63.43636363636363,39.708912625256005,50.0,0.1,1.0
DU QUOIN CUSD 300,52.5,45.150000000000006,50.27617648211254,32.8,24.2,46.34816466689035,38.7,29.0,61.92871470913922,0.3,3.0
DUNLAP CUSD 323,74.32000000000001,45.35,43.760000000000005,67.66,36.9,38.475,58.5,36.685965854480884,47.8,0.1,1.0
DURAND CUSD 322,66.9,52.0,32.4,59.9,49.3,29.4,43.8,28.15858869980328,15.062874620305923,0.2,2.0
DWIGHT COMMON SD 232,47.0,36.2,20.0,26.0,20.8,12.443256273846119,44.9,33.3,30.090985903342947,0.2,2.0
EARLVILLE CUSD 9,42.4,45.6,21.771098308269785,40.8,37.3,34.17139367829456,37.2,27.895674910751772,18.298784821835774,0.4,4.0
EAST ALTON SD 13,31.5,27.5,22.10540674206404,18.4,14.3,14.901392852002816,20.0,24.05559470319207,38.308223226656956,0.4,4.0
EAST COLOMA - NELSON CESD 20,65.7,52.6,52.552622935795085,37.1,27.6,48.01329479074837,59.1,44.66704972663224,65.19800874035369,0.4,4.0
EAST DUBUQUE USD 119,71.7,60.2,42.43924714676396,59.2,48.4,41.9429577582862,60.0,42.83629438199781,46.02186009023513,0.4,4.0
EAST MAINE SD 63,44.68,36.06,34.9,40.18,30.74,30.2,40.3,35.025,48.40364456087805,0.1,1.0
EAST MOLINE SD 37,27.65,25.9,22.112157329696362,18.9,17.733333333333334,19.27919728955723,42.84863969723619,35.863477550677715,29.45378958163827,0.5,5.0
EAST PEORIA SD 86,41.53333333333333,33.166666666666664,28.68297842689092,41.13333333333333,32.13333333333333,27.867698946071513,49.2,59.1,28.887443092186132,0.3,3.0
EAST PRAIRIE SD 73,73.2,65.2,33.2,53.4,46.8,27.6,56.2,41.3,40.59086461734307,0.1,1.0
EAST ST LOUIS SD 189,35.1,35.1,23.199785575735696,22.2,22.2,18.340519447902306,14.3,14.3,5.006525173783501,0.3,3.0
EASTLAND CUSD 308,66.1,54.6,41.8,60.4,51.0,33.96769333060734,68.6,47.6,37.03749260116474,0.2,2.0
EDGAR COUNTY CUD 6,40.0,27.16788669968352,26.857712550121512,42.5,24.530557684743634,35.49470997163929,36.7275914925212,27.835602970383636,53.260322109156796,0.7,7.0
EDINBURG CUSD 4,38.61126629205663,46.479056846656306,27.039456754222016,28.349686518287143,37.73983941276016,32.69666664795391,24.427377715222942,38.11782257449691,26.78226247948522,0.9,9.0
EDWARDS COUNTY CUSD 1,73.75,66.2,27.8,42.85,37.2,19.022310827078133,42.099999999999994,27.8,-7.342543422987138,0.2,2.0
EDWARDSVILLE CUSD 7,57.925,37.775,24.433333333333337,55.849999999999994,30.3,25.46666666666667,56.175,37.5,24.53493532886796,0.1,1.0
EFFINGHAM CUSD 40,54.0,42.2,13.8,43.0,34.4,16.5,40.6,38.7,34.770366474327645,0.1,1.0
EGYPTIAN CUSD 5,20.8,20.0,-2.2233279039844422,-0.24136526094185978,6.774491463340697,-4.569186680513789,11.232642450163464,17.718541702277214,26.000665391439142,0.7,7.0
EL PASO-GRIDLEY CUSD 11,56.4,44.6,37.853509172420864,43.6,25.0,35.452367317839645,39.839470656930004,20.768032094632463,38.82359163838067,0.5,5.0
ELDORADO CUSD 4,41.5,33.3,26.7,48.3,38.9,32.7,23.9,8.501071164388792,21.66581157355862,0.2,2.0
ELGIN MATH AND SCIENCE ACADEMY CHARTER SCHOOL,48.1,37.5,25.0,30.5,21.8,12.50176939651221,40.0,32.0,32.96313780742478,0.2,2.0
ELMHURST SD 205,77.875,63.31666666666666,52.425,75.8625,40.86666666666667,52.8625,68.175,19.2,63.23333333333333,0.0,0.0
ELMWOOD CUSD 322,64.0,51.1,34.2,60.0,33.3,28.9,41.3,31.23327247090026,30.40382577849925,0.2,2.0
ELMWOOD PARK CUSD 401,55.2,46.5,20.8,47.2,39.95,22.2,41.75,29.1,15.80119154105618,0.1,1.0
ELVERADO CUSD 196,28.9,30.2,36.68493790929051,30.3,28.3,30.160869734226782,51.9,48.44774975985196,70.4956323103751,0.4,4.0
ELWOOD CCSD 203,57.5,48.5,27.0,51.7,36.8,34.64808838801727,49.2,47.6,29.82114367090659,0.2,2.0
EMMONS SD 33,68.7,59.8,39.6,55.9,41.2,31.8,56.1,47.63652585623467,40.992498806690236,0.2,2.0
ERIE CUSD 1,66.2,52.2,54.96405379471596,74.8,61.9,62.418578152881736,67.61892945226893,59.312642946358565,61.588755005711754,0.5,5.0
ESD 159,32.3,28.85,10.673537306363224,18.825,20.666666666666668,23.681975539310322,24.7,22.606928550339,38.13320177562263,0.4,4.0
ESWOOD CCSD 269,75.5,62.6,47.501214809028546,69.6,54.9,36.31743507808923,72.2,57.641601178835344,62.50933641190504,0.4,4.0
EUREKA CUD 140,79.96666666666667,42.6,44.86750401583653,63.23333333333333,40.7,44.4,57.75595021949788,40.16491210856889,36.40248996482168,0.4,4.0
EVANSTON CCSD 65,60.46666666666667,35.94166666666667,43.36,55.39166666666667,29.955555555555552,38.7,56.1,35.0,45.18,0.0,0.0
EVERGREEN PARK ESD 124,54.9,49.65,44.7,47.85,42.45,39.5,41.525,29.6,42.36937981917351,0.1,1.0
EWING NORTHERN CCSD 115,80.4,79.7,35.85881928946085,65.5,62.2,42.82081912846634,66.3,65.5,34.811357924624474,0.3,3.0
FAIRFIELD PSD 112,49.0,44.4,19.256157071509406,44.05,38.7,27.81571862954124,41.1,40.7,36.24065644808449,0.3,3.0
FAIRMONT SD 89,38.8,38.8,30.992131352616347,25.4,25.4,19.76023080422985,29.2,29.2,56.19641077384733,0.3,3.0
FAIRVIEW SD 72,75.4,68.8,35.0,56.7,47.7,24.7,65.5,59.0,45.05061543034017,0.1,1.0
FARMINGTON CENTRAL CUSD 265,48.9,35.4,26.2,45.3,34.1,21.5,35.3,35.67956974372726,42.04367001073649,0.2,2.0
FARRINGTON CCSD 99,59.4,41.07131139478015,24.389139126487727,43.8,31.261546038938707,9.4930068833561,43.24620709049461,26.16579108283183,8.446566688665392,0.7,7.0
FIELD CCSD 3,46.7,37.5,23.700613847249876,30.9,19.6,15.92858364697529,34.8,32.48651114385953,32.07803703374268,0.4,4.0
FIELDCREST CUSD 6,41.8,41.3,20.45972083830535,34.2,25.0,25.666943728831423,34.3,34.2,32.76722096700394,0.3,3.0
FISHER CUSD 1,62.6,50.0,37.9,48.5,40.0,26.941567971674658,34.6,23.439696388287572,10.304397204202456,0.3,3.0
FLANAGAN-CORNELL DIST 74,42.3,36.0,15.269327040861622,20.3,14.997149197135007,1.4581756088580713,52.8,41.45559575498738,28.2994353006815,0.5,5.0
FLORA CUSD 35,63.0,57.9,30.6,54.9,49.1,24.2,35.7,32.7,14.541696847769213,0.1,1.0
FLOSSMOOR SD 161,58.675,46.625,35.7,42.975,29.15,31.0,32.775,20.593183205838095,24.361038332230475,0.2,2.0
FORD HEIGHTS SD 169,16.3,16.0,35.34025514985335,2.453112517845257,9.773452778011666,20.77715458176095,36.623466999271024,38.3676865654983,64.28157415245543,0.7,7.0
FOREST PARK SD 91,50.3,39.1,24.5,35.1,24.0,26.643864541181316,33.9,26.1,23.983566324039074,0.2,2.0
FOREST RIDGE SD 142,58.25,49.1,23.1,49.05,42.45,32.7,46.2,35.599999999999994,35.1063569767917,0.1,1.0
FORRESTVILLE VALLEY CUSD 221,68.5,62.1,35.7,66.4,53.4,35.7,62.2,58.17896416596375,36.49570511584711,0.2,2.0
FOX LAKE GSD 114,36.9,33.3,10.217039916428101,36.1,30.4,25.07328692597568,38.203766165154185,21.464606328229124,23.54590891666915,0.5,5.0
FOX RIVER GROVE CONS SD 3,60.5,51.902463473922516,50.0,54.7,46.032361156653145,45.41145554212354,40.369733700754864,28.954354823462236,43.54128261850668,0.6,6.0
FRANKFORT CCSD 157C,82.8,68.11878917044375,57.5,80.8,68.56297443554344,56.8,65.3,55.05229256006132,54.5,0.3,3.0
FRANKFORT CUSD 168,45.5,41.4,16.7,31.1,25.2,15.2,35.8,28.6,39.345825200201986,0.1,1.0
FRANKLIN CUSD 1,63.0,57.51175388662692,42.135369264068025,47.8,38.98222856706312,24.356714113194688,42.05382272659448,36.778204671287554,27.20427923517121,0.7,7.0
FRANKLIN PARK SD 84,63.86666666666667,59.1,34.5,51.2,49.13333333333333,43.405104729143574,40.96666666666667,42.75,32.24484098478253,0.2,2.0
FREEBURG CCSD 70,73.9,52.9,32.6,57.7,40.0,30.5,64.9,45.0,39.4,0.0,0.0
FREEPORT SD 145,28.066666666666663,21.53333333333333,18.98512903475835,25.4,18.5,14.211655034513692,16.8,9.7,21.096584337908144,0.3,3.0
FREMONT SD 79,68.4,43.8,19.3,59.0,31.3,30.5,60.9,31.94883673590232,11.675679937687399,0.2,2.0
GALATIA CUSD 1,43.8,31.9,33.902759929982864,21.3,11.696737949979704,10.758491921359784,38.5,34.71222070811168,35.34616579450112,0.5,5.0
GALENA USD 120,65.4,48.8,20.3,55.3,37.2,25.0,52.3,33.3,19.95763953224059,0.1,1.0
GALESBURG CUSD 205,35.225,29.25,19.8,26.35,21.75,9.1,30.3,23.9,41.956348448490246,0.1,1.0
GALLATIN CUSD 7,51.9,46.4,22.27839512689316,38.1,30.4,23.52058703010261,43.144409997102564,30.407600563591977,40.9779182842988,0.5,5.0
GALVA CUSD 224,37.6,28.1,26.327543672657196,46.1,33.9,28.799052271978137,52.0,43.536532883723275,47.43711537112406,0.4,4.0
GARDNER CCSD 72C,58.6,59.5,45.233075167298566,41.4,40.5,29.03337032739687,61.8,60.94109912360128,52.14049826146677,0.4,4.0
GAVIN SD 37,34.4,26.8,3.651195580722284,41.8,35.4,4.740195600686514,52.014215356080896,43.54055072826608,22.533862057202313,0.5,5.0
GEFF CCSD 14,46.3,36.4,22.366170244527023,29.9,27.33515655344565,8.062520160617243,51.720047687782156,50.4378554605458,22.658549403045704,0.6,6.0
GEN GEORGE PATTON SD 133,15.3,16.9,10.63089172871442,11.1,12.2,11.175724985377189,20.393438355600964,16.652432062761562,35.72092279295519,0.5,5.0
GENESEO CUSD 228,56.46666666666667,42.56666666666667,45.5,50.79999999999999,37.63333333333333,33.3,47.13333333333333,48.59994351556272,31.777914631326528,0.2,2.0
GENEVA CUSD 304,70.48333333333333,49.153879632427945,45.43333333333334,58.3,42.957353997356,41.925,65.58333333333333,43.59636728338685,52.5,0.3,3.0
GENOA KINGSTON CUSD 424,34.9,28.3,16.9,31.1,22.5,16.70273065690984,29.5,20.475176754182552,30.042706052867523,0.3,3.0
GEORGETOWN-RIDGE FARM CUD 4,36.0,29.5,39.91808457492924,20.6,16.7,25.149353990656884,23.637651980135576,30.92722853862865,45.67781264454028,0.5,5.0
GERMANTOWN HILLS SD 69,84.1,74.0,57.4,70.75,46.3,34.0,78.5,51.0,43.30662914796605,0.1,1.0
GERMANTOWN SD 60,77.3,51.7,44.00816676277342,66.0,37.9,56.647437793972934,62.5,48.77285566881819,63.145805964502685,0.4,4.0
GIANT CITY CCSD 130,74.0,62.7,27.76769170300126,50.4,35.3,19.148083986438714,53.8,44.42753402805618,11.173336219898005,0.4,4.0
GIBSON CITY-MELVIN-SIBLEY CUSD 5,61.5,52.7,24.6,38.9,30.9,9.84102542101997,53.9,44.7,35.68786078571481,0.2,2.0
GIFFORD CCSD 188,56.0,37.5,24.806175510310375,39.1,19.6142023457044,17.838188549930283,50.0,27.17385943028268,56.44407556842831,0.5,5.0
GILLESPIE CUSD 7,58.0,52.1,17.38907002536999,39.5,34.3,14.442294976512567,45.3,36.4,25.862796428606686,0.3,3.0
GLEN ELLYN SD 41,68.825,38.8,41.825,70.475,34.75,47.0,63.47500000000001,32.66355441215741,51.35,0.1,1.0
GLENCOE SD 35,85.6,81.33096848215352,63.6,85.2,74.71946552412898,65.5,81.94466666991627,74.48501901593454,64.67471163077599,0.5,5.0
GLENVIEW CCSD 34,76.13333333333333,54.4,42.233333333333334,69.39999999999999,42.4,39.06666666666667,72.10000000000001,47.05,51.0,0.0,0.0
GOLF ESD 67,55.0,34.0,38.2,62.1,45.1,42.9,55.03351661261998,43.303867783869485,58.10836737513528,0.3,3.0
GOREVILLE CUD 1,44.5,32.8,28.92844891650988,35.9,22.1,22.40134901836931,37.4,22.2,31.786776905563052,0.3,3.0
GOWER SD 62,78.0,58.3,44.1,68.8,58.3,47.1,64.21764385251014,52.60953520556836,46.05377924916685,0.3,3.0
GRAND PRAIRIE CCSD 6,40.0,40.0,9.685200180111854,26.0,26.0,17.957104785995536,18.098308548229905,19.119003041609776,26.700387465055186,0.5,5.0
GRAND RIDGE CCSD 95,64.9,66.7,29.866144573197634,51.1,47.1,34.8432412067458,41.9,40.76957487366443,21.151577536781385,0.4,4.0
GRANITE CITY CUSD 9,25.266666666666666,21.3,8.3,18.0,14.733333333333334,12.3,20.8,15.4,29.89673684467132,0.1,1.0
GRANT CCSD 110,43.6,39.7,49.31625717630349,34.2,29.3,37.69096659814009,45.629529135234826,48.207146765537104,74.58472668603271,0.5,5.0
GRANT PARK CUSD 6,74.5,71.7,34.2,48.2,41.8,26.89412035664011,50.0,41.2,22.084962505189402,0.2,2.0
GRASS LAKE SD 36,47.4,35.4,23.430874193159752,35.1,24.17872433845932,13.102327588792143,44.7,36.72275888873953,39.41023434259696,0.5,5.0
GRAYSLAKE CCSD 46,62.11666666666667,46.81666666666666,37.25,50.18333333333334,35.6,32.825,51.0,33.0,32.7,0.0,0.0
GRAYVILLE CUSD 1,57.4,43.2,27.984771634956157,49.2,40.5,25.48930399795432,56.5,32.87743793555884,25.028480114576134,0.4,4.0
GREENFIELD CUSD 10,44.1,32.1,35.13173004150987,27.4,14.3,23.45409995846225,27.3,10.551052501903314,49.58396322325281,0.4,4.0
GREENVIEW CUSD 200,66.7,62.5,34.63630009086424,60.4,55.42720451724826,36.79835475257735,57.55959867826971,51.501060690040504,49.337735518537855,0.6,6.0
GRIGGSVILLE-PERRY CUSD 4,47.5,39.821407103012696,46.86719804305785,36.6,27.422593826744816,38.928006991057494,53.54309961347016,47.53398001661582,76.81404558030471,0.7,7.0
GURNEE SD 56,30.7,20.5,16.7,19.200000000000003,10.65,18.3,29.049999999999997,11.5,44.04436883460454,0.1,1.0
HAMILTON CCSD 328,63.3,56.6,26.8,41.9,29.5,10.626992797415252,48.0,33.3,14.485523128995876,0.2,2.0
HAMILTON CO CUSD 10,57.25,49.65,28.3,37.0,29.9,26.1,40.650000000000006,42.18613263243611,36.18371878460363,0.2,2.0
HAMPTON SD 29,41.7,28.3,34.5,32.9,24.1,10.027286933980413,50.9,48.52374632618552,44.87275996421687,0.3,3.0
HARDIN COUNTY CUSD 1,52.0,48.0,38.54979956115574,40.0,32.8,27.139949484964998,41.9,36.07480230082964,54.62663732893571,0.4,4.0
HARLEM UD 122,38.3125,32.7875,30.549999999999997,33.075,27.35,24.225,36.08,36.13333333333333,41.500836378101255,0.1,1.0
HARMONY EMGE SD 175,49.4,48.25,16.465020085193274,27.65,26.4,16.539772895785294,30.8,35.706602226500394,31.88034242968284,0.4,4.0
HARRISBURG CUSD 3,46.4,41.4,21.6,37.2,31.3,15.3,34.9,23.3,47.68763676181642,0.1,1.0
HARRISON SD 36,36.6,30.4,16.5,26.4,19.6,7.530352748676605,27.0,23.8,31.11123437130549,0.2,2.0
HARTSBURG EMDEN CUSD 21,39.2,29.881905898231256,9.38793885670727,51.0,44.802030675908284,23.4508340777412,46.12358416262516,51.96468298940298,30.084411149954764,0.7,7.0
HARVARD CUSD 50,18.8,16.05,10.311160364192865,12.25,11.0,14.150754149438406,18.7,14.6,36.42978687857765,0.3,3.0
HARVEY SD 152,24.9,25.025,8.046193237020697,21.375,26.133333333333336,9.227007903394691,27.7,28.6,29.702070665509744,0.3,3.0
HAVANA CUSD 126,44.7,43.8,22.9,37.4,32.5,28.1,42.53352713107484,45.70037237137298,41.47214309310898,0.3,3.0
HAWTHORN CCSD 73,60.4,40.833333333333336,32.56666666666667,56.38333333333333,35.5,32.050000000000004,54.73333333333333,51.25,38.1,0.0,0.0
HAZEL CREST SD 152-5,18.35,18.45,-0.21814876913594183,8.25,8.3,9.062051386691493,18.6,18.8,19.91905970763924,0.3,3.0
HENRY-SENACHWINE CUSD 5,47.3,37.3,21.27819300843408,22.7,13.7,18.354293639005604,47.9,39.0,47.350994834615996,0.3,3.0
HERITAGE CUSD 8,60.1,52.7,26.944191489259385,43.6,21.6,15.399839769150093,47.8,36.4,14.042200337513695,0.3,3.0
HERRIN CUSD 4,60.4,52.6,18.9,54.7,45.5,15.3,44.5,31.0,26.433217119675056,0.1,1.0
HERSCHER CUSD 2,54.2,43.65,28.65,47.7,38.4,27.15,54.7,40.7,26.7,0.0,0.0
HEYWORTH CUSD 4,61.0,41.1,40.7,54.5,35.7,33.3,54.4,32.2498261953277,43.47254646353789,0.2,2.0
HIAWATHA CUSD 426,52.7,48.0,19.7673579391349,37.6,32.0,11.270812565518073,54.8,50.01411107377316,43.01464335422134,0.4,4.0
HIGH MOUNT SD 116,50.3,45.7,30.95455511249494,14.9,8.8,10.216691608147451,19.3,8.117594725723663,24.559270242890182,0.4,4.0
HIGHLAND CUSD 5,71.46666666666667,68.35,53.55,72.3,56.849999999999994,23.8,67.1,44.8,51.40108724375791,0.1,1.0
HILLSBORO CUSD 3,63.1,52.0,22.9,44.3,33.9,23.31219835353759,40.9,23.2,24.968090978243918,0.2,2.0
HILLSIDE SD 93,42.2,38.5,16.837189149307804,23.6,20.8,19.761716037613517,24.8,20.3,37.965711398316536,0.3,3.0
HINCKLEY BIG ROCK CUSD 429,60.55,51.3,21.836357358893533,38.85,29.8,7.918148828011283,52.4,55.0,31.533605819771385,0.3,3.0
HINSDALE CCSD 181,90.55714285714284,73.12030196340987,70.05,89.02857142857144,63.78892535805683,70.96666666666667,80.52857142857144,61.320896035077226,64.7,0.3,3.0
HOLLIS CONS SD 328,55.4,41.7,45.274283984780496,51.1,41.7,38.117882122312146,60.7,58.907718162583436,52.42209693401512,0.4,4.0
HOMER CCSD 33C,71.26666666666667,55.93333333333334,37.63333333333333,64.5,45.76666666666667,40.56666666666667,50.0,32.31224298072714,30.6,0.1,1.0
HOMEWOOD SD 153,52.4,38.9,30.1,37.9,22.3,24.8,45.0,27.6,29.8,0.0,0.0
HOOPESTON AREA CUSD 11,52.6,50.6,16.9,32.5,29.0,13.099796874848124,26.9,22.8,-1.4009291316715107,0.2,2.0
HOOVER-SCHRUM MEMORIAL SD 157,24.3,22.3,17.132183320733922,12.7,12.5,10.240345110874799,32.603348039246725,35.78574768746713,48.53030499387308,0.5,5.0
HORIZON SCIENCE ACAD-BELMONT CHARTER SCH,50.6,48.8,19.1,28.0,26.6,11.549760349502439,23.4,20.2,-1.1453515485277954,0.2,2.0
HORIZON SCIENCE ACAD-MCKINLEY PARK CHARTER SCH,63.6,65.5,37.4,37.5,38.5,17.6,39.2,41.3,24.819793038219192,0.1,1.0
HUNTLEY COMMUNITY SCHOOL DISTRICT 158,71.63333333333334,60.666666666666664,32.166666666666664,62.2,50.4,33.300000000000004,58.36666666666667,47.86666666666667,37.25,0.0,0.0
HUTSONVILLE CUSD 1,37.5,25.9,43.366688460789945,42.7,26.4,35.63111589858302,61.3,53.50762657295183,58.618782835329355,0.4,4.0
IL VALLEY CENTRAL USD 321,64.43333333333334,54.833333333333336,27.8,52.9,39.4,30.6,44.650000000000006,38.9,18.21512492523651,0.1,1.0
ILLINI BLUFFS CUSD 327,64.55,53.3,32.3,41.9,31.65,24.748417399684314,55.75,47.59299917394469,23.228133928692827,0.3,3.0
ILLINI CENTRAL CUSD 189,30.6,22.7,12.34528816926947,35.8,30.7,25.0,25.5,9.504521356480392,46.09392564351525,0.3,3.0
INDIAN CREEK CUSD 425,68.9,57.4,45.129373411087585,61.3,51.1,50.87082334299035,60.119668569579986,55.474430705763254,47.84370708278366,0.5,5.0
INDIAN PRAIRIE CUSD 204,66.3,44.48823529411764,35.64666666666667,64.85238095238095,41.422222222222224,38.63076923076923,59.666666666666664,43.7,36.48124722150375,0.1,1.0
INDIAN SPRINGS SD 109,54.2,50.875,42.75,33.275,29.575000000000003,36.4,31.266666666666666,30.1,54.58214732064389,0.1,1.0
IROQUOIS COUNTY CUSD 9,45.1,40.7,20.8,31.8,28.8,17.148564034596028,54.1,44.7,40.19243294124995,0.2,2.0
IROQUOIS WEST CUSD 10,73.75,71.7,47.513864822945784,67.55,65.35,43.97617034771014,30.9,31.3,32.05038532688419,0.3,3.0
IRVINGTON CCSD 11,38.5,34.5,19.723869848879797,25.6,25.65437309293434,8.784402979246808,43.58735944603838,36.26419381993206,46.92922965943469,0.6,6.0
ISU LABORATORY SCHOOLS,72.4,58.8,49.199604684168776,65.2,70.6,45.81369019925659,80.8,72.0234562288648,61.51865594632333,0.4,4.0
ITASCA SD 10,77.0,68.6,49.3,71.1,60.0,47.8,59.6,46.89271058391135,66.01407164133974,0.2,2.0
IUKA CCSD 7,75.2,65.8,45.09344185766819,61.3,56.0,45.79836414325843,60.0,51.7,28.5746713802667,0.3,3.0
JACKSONVILLE SD 117,49.28333333333333,44.06666666666666,21.3,37.266666666666666,29.98,21.3,44.25,38.36666666666667,30.898218158163942,0.1,1.0
JASPER CCSD 17,69.6,53.5,44.269343181975856,60.0,41.9,27.565104858341176,71.4,53.713513132670016,48.78766392514995,0.4,4.0
JASPER COUNTY CUD 1,56.4,44.0,21.2,53.6,42.0,24.979648622781813,46.5,37.0,24.742165706501854,0.2,2.0
JERSEY CUSD 100,54.05,44.4,36.09066374637168,53.599999999999994,40.5,23.3,55.13003352719486,47.095481337948485,49.10666455425889,0.4,4.0
JOHNSBURG CUSD 12,44.7,34.8,18.2,40.7,29.1,15.7,43.1,30.8,23.854161722159063,0.1,1.0
JOHNSTON CITY CUSD 1,37.25,36.05,45.087934827293346,28.6,25.3,41.261254439966244,35.0,29.3,66.83817510077053,0.3,3.0
JOLIET PSD 86,30.84,31.033333333333335,43.5,24.3,24.446666666666665,38.28162851163011,28.71111111111111,29.033333333333335,59.39094778755669,0.2,2.0
JOPPA-MAPLE GROVE UD 38,58.6,51.2,25.979441681110515,45.8,40.5,20.24875704350034,53.37924151528337,49.39523029160282,24.53562551851819,0.5,5.0
KANELAND CUSD 302,63.64,50.25,41.92,48.3,34.233333333333334,29.7,52.64,40.0,38.0910922145018,0.1,1.0
KANKAKEE SD 111,24.8,28.0,10.063692359900996,17.56,16.16,6.765042730003778,20.3,19.133333333333336,15.34663435828089,0.3,3.0
KANSAS CUSD 3,58.0,49.09637885248398,34.7881173041114,26.0,15.793858908365786,28.707139236160508,78.6,50.91534916146081,62.257591968006125,0.6,6.0
KEENEYVILLE SD 20,43.5,37.2,37.94472317415329,36.6,32.75,23.8,40.4,35.1,59.22642568030328,0.2,2.0
KELL CONS SD 2,39.0,32.58534749338994,23.623615006935346,43.74176161330034,48.23147810757662,31.616247664065988,50.7784665372769,43.743885772178736,39.06315329351879,0.8,8.0
KENILWORTH SD 38,87.0,75.282447678159,71.9,84.6,72.885032446483,67.4,84.8,79.5282437373296,73.5,0.3,3.0
KEWANEE CUSD 229,50.1,45.1,36.570165388726224,43.7,39.63333333333333,37.17143063877031,56.4,51.099999999999994,55.76387128367106,0.3,3.0
KILDEER COUNTRYSIDE CCSD 96,77.175,43.8,45.666666666666664,74.575,37.5,45.5,75.3,33.607610099578764,52.5,0.1,1.0
KINGS CONS SD 144,67.9,59.1,39.08976884951953,47.2,35.80082238325729,29.304601003257854,55.938817961256575,44.03156768547312,43.45607474640571,0.6,6.0
KINNIKINNICK CCSD 131,61.5,47.25,33.1,59.2,41.099999999999994,45.65,55.0,43.3,35.9,0.0,0.0
KIRBY SD 140,58.92,45.58,27.6,58.279999999999994,46.575,36.019999999999996,36.18,31.796404493823953,26.095682621798368,0.2,2.0
KNOXVILLE CUSD 202,60.5,48.2,39.3,49.0,42.9,43.96295272712552,42.45519395606263,40.294085420296454,39.84877857697343,0.4,4.0
KOMAREK SD 94,55.9,46.8,32.9,32.3,22.5,11.504850916913892,46.9,36.1,34.50176216837504,0.2,2.0
LA GRANGE SD 102,71.9,45.95,43.475,65.125,29.4,43.3,58.675,20.270976195827437,42.5,0.1,1.0
LA GRANGE SD 105 SOUTH,68.075,56.46666666666667,54.5,59.525000000000006,47.36666666666667,62.85,62.65,52.90030289873515,48.90067813409347,0.2,2.0
LA HARPE CSD 347,52.4,51.1,35.299133387032725,30.5,30.4,29.055693305523928,48.6,47.2,38.96162864363257,0.3,3.0
LA MOILLE CUSD 303,21.4,15.687184400340122,19.36225697384266,19.6,13.999993182245575,16.2465313728002,38.38120861485995,40.66526822737386,52.238854058816976,0.7,7.0
LA SALLE ESD 122,38.4,35.4,33.56099652178021,20.7,17.2,22.08741365275643,36.9,36.5,40.16163881324607,0.3,3.0
LADD CCSD 94,51.5,34.0,30.960636506212897,36.0,23.1,20.019671059115886,44.729862405053936,30.693714674639924,45.33910065807603,0.5,5.0
LAGRANGE HIGHLANDS SD 106,85.6,76.37993265719595,67.6,83.2,66.60836813964346,55.9,70.00360677149467,57.70062661628116,42.507908959527775,0.5,5.0
LAKE BLUFF ESD 65,70.5,44.8,45.5,60.1,28.056441850853886,30.3,52.7,19.286437693747565,47.643587922192836,0.3,3.0
LAKE FOREST SD 67,82.575,70.16141361360262,64.725,83.025,70.97345169521711,68.0,62.8,59.69885316385511,48.2,0.3,3.0
LAKE VILLA CCSD 41,55.3,43.166666666666664,28.266666666666666,37.9,25.633333333333336,19.8,52.5,42.6,35.19066216317566,0.1,1.0
LAKE ZURICH CUSD 95,80.92,70.55030099153848,58.17999999999999,72.36,64.2517613443204,53.779999999999994,69.08,57.60110120014733,61.45,0.3,3.0
LANSING SD 158,42.7,42.7,22.43979385782441,27.766666666666666,27.6,16.247943749386334,29.53333333333333,29.53333333333333,39.61399130724847,0.3,3.0
LARAWAY CCSD 70C,45.7,45.7,18.55800201840053,16.7,16.7,-0.232674375489478,40.0,40.0,16.786913683328955,0.3,3.0
LAWRENCE COUNTY CUD 20,47.0,43.5,23.8,33.2,29.0,22.2,35.6,27.9,30.517561206590038,0.1,1.0
LEARN JOHN AND KATHY SCHREIBER CHARTER SCHOOL,65.8,64.4,37.8,34.9,33.3,28.377202756464893,38.2,34.8,29.316407519185162,0.2,2.0
LEBANON CUSD 9,63.5,54.0,24.410786566146516,51.1,28.0,13.924175823964346,52.1,38.25828955835988,37.82958628306724,0.4,4.0
LELAND CUSD 1,54.2,30.0,28.826529273140487,47.2,25.6,34.79060993648256,43.6,23.91569086148828,31.718999606298453,0.4,4.0
LEMONT-BROMBEREK CSD 113A,66.15,52.400000000000006,42.25,68.5,49.05,45.150000000000006,45.7,27.9,24.2,0.0,0.0
LENA WINSLOW CUSD 202,72.5,69.5,36.10497799190184,59.3,47.6,33.854733028332625,54.2,42.3,29.407301134775732,0.3,3.0
LEROY CUSD 2,58.5,48.3,26.3,44.3,36.7,17.72466103021221,32.1,26.272222914611902,32.76805860333025,0.3,3.0
LEWISTOWN CUSD 97,21.1,13.5,18.07384076038109,16.1,12.4,15.021522903727096,41.7,43.07858945404055,50.41988723976505,0.4,4.0
LEXINGTON CUSD 7,65.7,51.7,25.118276116347896,46.3,33.05169968225084,22.677576941696636,71.9,60.232522992991264,51.76505930043468,0.5,5.0
LIBERTY CUSD 2,53.8,34.9,32.7,43.2,23.3,20.4,48.2,32.54970095078061,30.44983536500426,0.2,2.0
LIBERTYVILLE SD 70,82.425,73.7,47.95,73.9,63.2,36.349999999999994,78.125,65.41656685317884,62.6754470944895,0.2,2.0
LICK CREEK CCSD 16,62.7,43.3,45.18322134019297,35.8,19.99533861204226,32.43925252750947,57.646824036712324,38.41495217522528,50.60049058623159,0.6,6.0
LIMESTONE WALTERS CCSD 316,57.6,42.4,54.2747491281894,46.4,36.4,46.363591951240124,67.6,61.00110512248474,73.97531511935962,0.4,4.0
LINCOLN ESD 156,48.1,48.1,22.5,20.4,20.4,13.9,29.8,29.8,39.745386971244,0.1,1.0
LINCOLN ESD 27,52.43333333333334,47.53333333333333,28.578693305443167,47.1,41.13333333333333,25.865837713555162,48.9,55.6,43.37062011519752,0.3,3.0
LINCOLNSHIRE-PRAIRIEVIEW SD 103,82.3,68.8,46.0,79.4,65.12548560876037,48.9,77.1,63.34846925309105,48.8,0.2,2.0
LINCOLNWOOD SD 74,67.5,46.2,44.9,45.9,27.5,38.2,60.5,44.915071617823585,52.0,0.1,1.0
LINDOP SD 92,64.6,62.0,47.7,26.5,24.0,29.5,31.3,30.0,33.93120964341134,0.1,1.0
LISBON CCSD 90,92.4,80.37128452197554,51.89717447240445,74.7,58.52182452593422,40.618380225301145,71.9,46.24461462530266,32.19137727676522,0.6,6.0
LISLE CUSD 202,67.0,39.8,33.8,62.6,31.8,30.3,59.2,33.3,32.710487277746054,0.1,1.0
LITCHFIELD CUSD 12,55.3,48.8,21.2,37.8,31.3,16.9,37.6,23.2,35.07094816833907,0.1,1.0
LOCKPORT SD 91,69.5,67.9,57.82062184654016,72.9,64.3,56.99388468705604,45.21518965793194,44.9449475208492,47.662164726623566,0.5,5.0
LOMBARD SD 44,59.1,43.54,30.7,51.6,34.18,33.56666666666667,45.55,25.37713096139424,14.574841375478634,0.2,2.0
LOSTANT CUSD 425,64.1,60.55834528472997,44.23189165666285,30.8,27.499899383189742,27.73918169869832,42.3169147197527,40.734939589078905,51.34459600837103,0.7,7.0
LOWPOINT-WASHBURN CUSD 21,50.7,46.5,19.405338817030575,33.8,31.0,11.105553743553966,33.28697465819604,31.71136729632015,19.856057320511056,0.5,5.0
LUDLOW CCSD 142,42.98985935787145,48.911893699080366,39.658621876918104,35.918680604776355,43.839886039369425,37.89927456900748,29.90541206511309,32.72547058147287,52.26997130688327,0.9,9.0
LYONS SD 103,46.833333333333336,44.5,10.4,26.166666666666668,23.549999999999997,6.329919569688858,33.88333333333333,37.175,22.82288158951441,0.2,2.0
MACOMB CUSD 185,29.4,20.8,10.4,23.0,12.7,23.71640934652584,31.5,17.6,17.029210762331086,0.2,2.0
MADISON CUSD 12,13.5,13.4,13.643283425605507,10.6,11.1,19.054454878134884,23.972296286033043,29.250291252843247,40.99699685744334,0.5,5.0
MAERCKER SD 60,55.7,39.9,35.8,54.9,34.5,29.9,57.7,35.3,50.0,0.0,0.0
MAHOMET-SEYMOUR CUSD 3,56.1,35.2,26.8,53.8,31.1,25.6,55.1,26.5,26.8,0.0,0.0
MALDEN CCSD 84,31.9,29.49115745802107,12.868686167375703,29.8,30.445337862980654,19.510379041157172,42.684089123122625,47.78776880655113,38.05105598843304,0.7,7.0
MANHATTAN SD 114,72.6,62.95,35.55,61.5,47.9,35.25,62.6,31.3,28.6,0.0,0.0
MANNHEIM SD 83,43.63333333333333,42.26666666666667,18.036752302138304,28.0,25.166666666666668,1.7480892646347979,33.4,39.0,29.82791697136168,0.3,3.0
MANTENO CUSD 5,59.3,41.2,23.5,60.2,45.6,29.4,39.41851129630381,31.47710139318965,21.954653796729488,0.3,3.0
MARENGO-UNION E CONS D 165,47.75,44.15,22.20383406070467,51.7,49.55,28.894784777880894,28.0,15.9,-7.525795000308747,0.3,3.0
MARION CUSD 2,67.74,58.64,21.482301043893322,62.46,52.14,27.4,49.260000000000005,41.260000000000005,24.704258826564693,0.2,2.0
MARISSA CUSD 40,34.5,28.0,11.051968162990537,20.4,18.7,-6.279094280593643,17.632076725230885,13.207755145322984,18.572453307514063,0.5,5.0
MAROA FORSYTH CUSD 2,63.1,47.8,27.3,56.1,30.4,36.4,38.3,14.610070611787064,18.038846552392215,0.2,2.0
MARQUARDT SD 15,41.15,38.75,16.691504070733565,31.35,27.725,20.834940065118648,35.800000000000004,40.119612423500456,31.200971081760354,0.4,4.0
MARSEILLES ESD 150,27.8,23.0,16.035817193261476,25.6,19.5,14.07689866320952,35.6,19.6,25.167563385657907,0.3,3.0
MARSHALL CUSD 2C,64.7,54.9,39.6,49.3,40.1,32.7,44.0,37.60850476285254,43.52758178076917,0.2,2.0
MARTINSVILLE CUSD 3C,54.7,45.8,41.210271891493576,47.0,40.3,30.093312805136485,41.29690839922505,22.423737387234105,36.698439711623166,0.5,5.0
MASCOUTAH CUD 19,77.53333333333333,64.96666666666667,45.7,65.03333333333333,50.333333333333336,38.46666666666667,63.46666666666667,54.05,33.3,0.0,0.0
MASSAC UD 1,71.92,65.82000000000001,41.25,63.66,60.56,44.1,59.06666666666667,51.85,52.32719974540947,0.1,1.0
MATTESON ESD 162,43.1,44.28,17.975989677253004,29.639999999999997,30.5,18.15472090658216,19.8,24.95,20.945431107111382,0.3,3.0
MATTOON CUSD 2,47.6,41.45,25.0,38.6,27.65,18.95,39.7,29.2,37.855424790012016,0.1,1.0
MAYWOOD-MELROSE PARK-BROADVIEW 89,44.9,42.65714285714286,35.77898866758387,27.985714285714288,25.12857142857143,27.580659549877435,37.22,35.06666666666666,36.47130043936378,0.3,3.0
MAZON-VERONA-KINSMAN ESD 2C,58.1,47.8,27.613142763736683,54.8,43.5,21.625906137593915,56.61141653198713,38.561179104819345,30.043114653481428,0.5,5.0
MCCLELLAN CCSD 12,39.5,32.120600496077664,27.151477401472267,37.871883702264704,26.19846722745214,7.189134419504253,51.52946378767789,46.3684813045489,53.98492266435706,0.8,8.0
MCHENRY CCSD 15,50.96,41.2,20.8,51.879999999999995,42.32,23.200000000000003,47.5,24.4,25.8272488110627,0.1,1.0
MCLEAN COUNTY USD 5,51.7125,33.36923076923077,36.4,42.68125,22.423076923076923,34.96666666666666,45.22,25.277607357705026,44.21332978195782,0.2,2.0
MEDINAH SD 11,44.7,30.1,22.531124895005817,45.1,31.0,24.4,48.9,40.0,40.02814053014192,0.2,2.0
MENDOTA CCSD 289,37.1,33.1,30.508856897590423,36.2,29.3,37.49539941064021,42.3155597733961,35.937194445997264,52.79560396990072,0.5,5.0
MERCER COUNTY SCHOOL DISTRICT 404,55.95,48.8,30.54769132021191,32.25,25.6,22.727566791637617,52.85,52.8,49.74523114387598,0.3,3.0
MEREDOSIA-CHAMBERSBURG CUSD 11,36.42331450220909,32.68445604963822,32.422467549354664,33.41014262253133,32.63976405738995,35.904553082738296,55.56002973035681,57.50537032723726,51.98548325805777,0.9,9.0
MERIDIAN CUSD 101,18.2,13.9,2.190263053689841,22.1,22.2,11.48888548570439,16.53382236278565,12.17444968358652,31.233563178364705,0.5,5.0
MERIDIAN CUSD 15,47.1,40.4,37.98501092040433,36.7,28.1,28.877906851055315,53.1,44.8,57.1617435191318,0.3,3.0
MERIDIAN CUSD 223,46.3,37.0,23.1,46.3,37.0,26.9,33.0,34.109502521787306,36.66736880913396,0.2,2.0
METAMORA CCSD 1,67.7,57.4,37.50776963219781,57.3,38.3,38.328631779391344,71.2,48.6,42.145126255455935,0.3,3.0
MIDLAND CUSD 7,51.6,42.5,42.712875095159205,56.0,40.0,30.295628152492245,47.68822058831488,45.43879293093859,54.38365828726291,0.5,5.0
MIDLOTHIAN SD 143,41.03333333333333,38.23333333333333,16.0,23.4,20.3,20.97098550250686,22.5,20.5,6.605952819449072,0.2,2.0
MIDWEST CENTRAL CUSD 191,55.0,47.3,28.416638239544458,43.9,33.0,26.54294869758926,35.9,34.5,42.186792167189424,0.3,3.0
MILFORD AREA PUBLIC SCHOOLS DISTRICT 124,35.4,30.2,29.490154497100416,28.3,21.7,31.6335520319425,31.9,24.0,62.824401178020295,0.3,3.0
MILLBURN CCSD 24,72.8,56.45,48.75,59.2,37.05,36.400000000000006,61.8,39.3,43.7,0.0,0.0
MILLER TWP CCSD 210,51.2,44.8,24.00835987804055,43.2,34.023867855092696,25.56055644534468,42.9,33.92630997445657,25.02908870377612,0.5,5.0
MILLSTADT CCSD 160,76.8,68.8,55.8,63.1,51.6,43.7,56.9,33.3,36.492474351635764,0.1,1.0
MINOOKA CCSD 201,55.52,41.739999999999995,29.166666666666668,50.44,36.14,24.675,49.7,35.4,28.4,0.0,0.0
MOKENA SD 159,65.35,49.7,30.85,65.85,53.2,39.7,46.2,29.057556740945877,17.584461102686067,0.2,2.0
MOLINE-COAL VALLEY CUSD 40,35.87,25.77,23.9,34.58,24.4,41.129644187105,29.214285714285715,24.053210590786556,39.987115174322355,0.3,3.0
MOMENCE CUSD 1,31.7,29.3,36.1175344738405,29.4,25.3,30.416325987085578,51.90002450415806,60.787972623351905,79.09487861707811,0.5,5.0
MONMOUTH-ROSEVILLE CUSD 238,35.2,26.1,21.6,30.1,22.65,23.44946624219778,39.8,30.3,12.13806010894551,0.2,2.0
MONROE SD 70,66.5,60.0,59.598430620081736,54.0,55.1,42.20555521761533,62.5,58.3,63.650176612564756,0.3,3.0
MONTICELLO CUSD 25,59.4,35.65,26.2,55.650000000000006,35.15,21.5,60.9,47.53834861387169,22.053535201273462,0.2,2.0
MONTMORENCY CCSD 145,49.6,45.5,41.400322152902945,46.3,40.0,41.06189479607016,33.3,26.48815937432865,47.65221194517244,0.4,4.0
MORRIS SD 54,37.3,27.7,14.6,40.8,27.1,18.3,38.8,33.9,25.64466484240127,0.1,1.0
MORRISON CUSD 6,47.8,34.9,38.62938808103948,51.7,43.4,41.36566699254372,42.7,42.903931617755305,48.201569864500875,0.4,4.0
MORRISONVILLE CUSD 1,45.6,29.533106652724214,11.757747279328878,53.6,40.0,25.21745424059529,57.9,42.73233221359384,35.04571238374518,0.5,5.0
MORTON CUSD 709,76.35,63.625,41.833333333333336,66.15,45.1,36.23333333333333,61.425,40.24972457168935,18.078796406218988,0.2,2.0
MORTON GROVE SD 70,75.4,63.1,42.9,67.4,53.0,39.7,64.2,47.0,36.4,0.0,0.0
MOUNT OLIVE CUSD 5,52.3,42.2,34.061978277396406,31.5,23.3,17.722938437932093,44.4,48.42304000710158,36.57568509696311,0.4,4.0
MOUNT PROSPECT SD 57,70.4,74.13348877074715,45.75,59.849999999999994,67.19536610008497,38.8,64.55,67.5780758698212,65.4,0.3,3.0
MOUNT VERNON SD 80,30.4,27.799999999999997,19.7,20.799999999999997,17.85,14.97320447925457,24.0,16.2,39.169756944475296,0.2,2.0
MT PULASKI CUSD 23,58.4,48.8,20.29665227171907,45.1,31.7,27.699925645352344,48.3,37.8184520296491,43.132506817525055,0.4,4.0
MT ZION CUSD 3,54.65,38.8,25.2,53.55,38.1,30.1,49.7,40.7,49.298679716342335,0.1,1.0
MULBERRY GROVE CUSD 1,41.7,30.6,25.993355483001746,31.7,27.8,26.8933738335534,52.090332001124665,49.29415302993234,59.10260801358522,0.5,5.0
MUNDELEIN ESD 75,51.3,37.9,19.6,36.0,20.7,15.7,47.3,29.8,29.843895713600233,0.1,1.0
MURPHYSBORO CUSD 186,34.1,33.9,6.364236639818264,28.7,28.6,20.484941000098587,32.4,32.8,32.146061176578556,0.3,3.0
N PEKIN & MARQUETTE HGHT SD 102,59.9,57.849999999999994,28.4,38.5,31.1,16.434903167452923,51.7,47.2,18.497216010399967,0.2,2.0
NAPERVILLE CUSD 203,82.0,63.15,53.03076923076923,76.28571428571429,48.458333333333336,53.315384615384616,74.61538461538461,62.5,58.76666666666667,0.0,0.0
NASHVILLE CCSD 49,42.5,30.7,20.983900091916638,35.4,24.7,18.968622038071466,47.0,34.8,41.67860759210069,0.3,3.0
NAUVOO-COLUSA CUSD 325,61.0,62.3,32.54332896571931,34.5,30.4,21.157369880405874,44.4,43.3,47.89819180173882,0.3,3.0
NEOGA CUSD 3,54.8,52.9,40.26300459246783,41.3,29.4,33.177626384298385,61.2765811737086,54.01988349993734,51.67030835137438,0.5,5.0
NETTLE CREEK CCSD 24C,58.8,47.01760724379015,22.284896880056934,52.9,42.165730365601924,24.345500049559238,54.425037729900616,28.660456263191428,26.04013597520388,0.7,7.0
NEW ATHENS CUSD 60,67.7,53.3,43.13734258888041,60.6,46.7,40.0,58.1,56.06626865661145,45.42016656651115,0.3,3.0
NEW BERLIN CUSD 16,65.9,41.3,53.83736918717681,53.3,39.1,51.386967100307466,59.6,50.725717616861786,69.5476935793385,0.4,4.0
NEW HOLLAND-MIDDLETOWN ED 88,36.7,27.8,13.62164371714487,28.0,26.852663358759692,26.290783211201667,40.21711165717759,36.37160559753298,38.578348612951935,0.6,6.0
NEW HOPE CCSD 6,79.6,69.5,49.12721303076993,72.5,59.3,54.943014861484556,66.1,50.0,57.20524737318302,0.3,3.0
NEW LENOX SD 122,63.25,52.31666666666666,34.4,64.35,47.9,36.31428571428571,52.425,43.5,29.333333333333332,0.0,0.0
NEW SIMPSON HILL SD 32,61.8,57.7,40.512468044448454,45.6,46.5,27.435567841066927,30.6,23.54271745875095,25.335826527698732,0.4,4.0
NEWARK CCSD 66,72.0,67.37294650240702,61.90139786876253,58.0,48.06316719141805,50.35437423556037,62.36659479319859,49.5408852899126,52.46206186664571,0.7,7.0
NILES ESD 71,60.5,56.0,19.1,43.0,35.7,14.5,58.2,52.1,22.63410568631949,0.1,1.0
NIPPERSINK SD 2,70.25,65.15,40.35,50.5,38.7,39.5,58.849999999999994,60.20005186789065,54.91676539168358,0.2,2.0
NOKOMIS CUSD 22,47.0,44.3,33.887298322817834,40.9,34.4,43.15566365507919,56.8,55.6,65.26387676179289,0.3,3.0
NORRIDGE SD 80,66.1,62.5,33.3,67.4,64.4,38.1,55.13358799253598,53.478940046760556,41.1669409509704,0.3,3.0
NORRIS CITY-OMAHA-ENFIELD CUSD 3,39.3,31.1,8.831757980729579,19.9,12.5,3.1847991860182105,24.5,8.530356432128555,9.731143574513284,0.4,4.0
NORTH BOONE CUSD 200,52.15,50.76666666666667,22.0,46.5,40.166666666666664,9.381044370285217,33.3,33.3,9.370649681461037,0.2,2.0
NORTH CHICAGO SD 187,31.975,30.8,29.0,23.525,22.875,27.4,21.95,34.2,34.79412684873859,0.1,1.0
NORTH CLAY CUSD 25,42.5,34.3,22.793945239058587,31.5,22.5,25.112269104964735,26.1,15.163160731006336,34.92651956451343,0.4,4.0
NORTH GREENE CUSD 3,33.6,27.0,28.790820891817898,26.7,18.9,30.97130302342959,37.7,28.764889336243677,50.186049815010236,0.4,4.0
NORTH MAC CUSD 34,43.1,37.5,14.08524832669416,29.5,25.5,10.238758307566016,37.5,28.3,30.911250341072318,0.3,3.0
NORTH PALOS SD 117,81.85,78.4,47.5,73.25,67.95,51.75,53.0,43.95,31.6,0.0,0.0
NORTH SHORE SD 112,72.07142857142857,48.0,49.92857142857143,67.01428571428572,36.9,47.56666666666666,58.98571428571428,33.20823694075815,37.0,0.1,1.0
NORTH WAMAC SD 186,51.9,52.0,37.63468447581894,44.4,42.7,37.868202740749894,41.80719154507517,38.22331625749103,33.045183172981275,0.5,5.0
NORTH WAYNE CUSD 200,65.55000000000001,51.21107050289346,55.80203364838252,55.35,42.16080199081843,39.93728719482533,48.424908159007735,38.17685644389812,40.25971179942986,0.7,7.0
NORTHBROOK ESD 27,87.6,78.90287521071897,68.5,79.9,62.12157749667483,59.5,70.1,62.141247754726486,41.4,0.3,3.0
NORTHBROOK SD 28,84.66666666666667,69.0117669908755,59.96666666666667,81.23333333333333,63.52172347172139,58.666666666666664,72.06666666666666,46.72221710652434,57.347628091854,0.4,4.0
NORTHBROOK/GLENVIEW SD 30,84.5,60.553713972154526,58.8,85.30000000000001,60.74538909550676,63.95,69.3,38.542222277454485,56.5,0.3,3.0
NORTHWESTERN CUSD 2,56.4,65.9,23.12338396107953,42.6,40.9,18.934630389967726,42.60362472544468,37.669194429834455,34.23299449854701,0.5,5.0
NORWOOD ESD 63,31.5,32.6,14.951175908579604,20.5,25.05886891344258,19.228533256821493,26.880640220611422,33.73040624996005,26.522488406545094,0.6,6.0
O FALLON CCSD 90,64.5,46.58,30.325,61.14,38.58,31.8,58.4,38.5,15.485998183354237,0.1,1.0
OAK GROVE SD 68 BARTONVILLE,50.3,41.3,31.6,39.8,36.5,30.042832163289493,36.1,39.8120235832224,26.93792270253823,0.3,3.0
OAK GROVE SD 68 GREEN OAKS,83.2,52.6,42.9,73.1,50.012924328252204,26.8,84.0,60.39118502482974,36.4,0.2,2.0
OAK LAWN-HOMETOWN SD 123,60.620000000000005,52.220000000000006,37.650000000000006,41.08,34.519999999999996,29.53333333333333,41.08,33.56666666666666,46.126134058106835,0.1,1.0
OAK PARK ESD 97,73.0375,45.68333333333334,47.125,68.0,32.6,45.6125,67.8375,41.09248258333544,66.06666666666666,0.1,1.0
OAKDALE CCSD 1,36.1,31.819190599897006,48.33714636605186,57.1,47.99868692493464,50.067664883076546,45.08192029195965,50.098305067759554,67.84533618631083,0.7,7.0
OAKLAND CUSD 5,30.3,19.5,3.6958635397523896,20.5,16.9,9.665661724449208,42.478577230956,29.090058090967894,18.59124785048865,0.5,5.0
OAKWOOD CUSD 76,28.2,22.2,10.885610864699352,18.4,13.3,11.550102796715771,28.2,23.1,30.618295722181408,0.3,3.0
OBLONG CUSD 4,52.3,44.3,33.52556351279681,17.9,13.0,26.615700815403358,53.0,32.4,54.208852256847884,0.3,3.0
ODELL CCSD 435,48.8,48.8,35.839581992082394,29.8,27.5,21.469927186156777,37.5,35.5,41.900758856437115,0.3,3.0
ODIN PSD 722,22.7,20.5,-4.068716621313924,14.4,13.7,8.643384741028676,10.041682995089978,20.523275780303145,16.100696545218277,0.5,5.0
OGLESBY ESD 125,49.0,40.75,23.35897805592023,33.6,24.0,15.137568436142162,35.0,32.04262704612308,43.54519417637857,0.4,4.0
OHIO CCSD 17,37.8,31.863116236837175,32.08554190422945,34.3,26.584888438689,31.02470670543158,46.60879796111493,40.07861761701196,46.87300932236104,0.7,7.0
OKAW VALLEY CUSD 302,31.7,27.8,10.24592024878259,23.3,23.97582429200926,4.030027299287632,38.76736954081093,41.47110424056918,35.25613245072555,0.6,6.0
OLYMPIA CUSD 16,64.2,49.43333333333334,38.1,46.63333333333333,35.36666666666667,32.82103290779669,54.43333333333334,47.8,47.874420557285056,0.2,2.0
OPDYKE-BELLE-RIVE CCSD 5,45.2,40.0,29.569670135564756,13.1,18.00733203801509,18.080539589308632,43.85661923815289,51.888857865379684,26.18320216159225,0.6,6.0
ORANGEVILLE CUSD 203,48.4,36.9775067544319,29.47141944289574,50.0,41.7101836047394,30.700360153180505,42.68736221704389,36.29339321505319,43.50212945527025,0.7,7.0
OREGON CUSD 220,63.0,52.3,27.7,52.8,40.2,29.4,45.9,32.8,25.11357588095277,0.1,1.0
ORION CUSD 223,64.2,58.5,29.694378802461358,61.0,49.1,30.335520903100228,67.6,63.2,45.05756218600649,0.3,3.0
ORLAND SD 135,68.13333333333333,46.9,35.93333333333333,54.53333333333334,32.13333333333333,32.43333333333333,53.8,32.699999999999996,28.0,0.0,0.0
OTTAWA ESD 141,54.2,45.15,31.65,37.474999999999994,30.0,39.3,38.6,25.8,44.040984066259526,0.1,1.0
PALATINE CCSD 15,52.07692307692308,35.0,34.09230769230769,46.05384615384616,29.338461538461537,31.772727272727273,47.599999999999994,27.5,49.38,0.0,0.0
PALESTINE CUSD 3,33.8,23.0,22.49620400396405,28.2,17.6,11.116627706697459,35.1,30.78055221767646,41.76416946804108,0.4,4.0
PALOS CCSD 118,76.1,71.25,42.650000000000006,66.25,59.25,40.5,63.5,50.8,62.2955084339006,0.1,1.0
PALOS HEIGHTS SD 128,69.9,55.8,28.6,62.4,68.4,50.0,50.0,55.487593686232394,32.02225945584089,0.2,2.0
PANA CUSD 8,47.7,38.9,22.4,46.4,38.1,15.8,29.6,16.575238391791768,14.145622542754953,0.2,2.0
PANHANDLE CUSD 2,45.9,37.45080564674097,36.65512266652472,52.9,50.0,61.19115433686517,59.3,49.255395293663355,65.69384437377836,0.5,5.0
PARIS CUSD 4,63.8,55.6,35.7,47.7,37.8,32.68304878444091,45.7,33.09097543782204,35.94982998404279,0.3,3.0
PARIS-UNION SD 95,51.6,47.2,6.66685266063352,41.8,36.1,15.150510276927967,34.0,29.8,21.829949433274987,0.3,3.0
PARK FOREST - CHICAGO HEIGHTS SCHOOL DISTRICT 163,37.25,38.73333333333333,22.659137373712397,35.45,35.4,24.477050900712392,32.1,28.4,32.22306916582274,0.3,3.0
PARK RIDGE CCSD 64,79.0,59.1,55.56,75.92,50.0,52.9,62.279999999999994,34.29906996505316,48.36666666666667,0.1,1.0
PATOKA CUSD 100,58.7,52.9,43.56102188451774,28.8,26.965190485074604,15.104020749840354,70.64077329393041,58.666856436987786,57.006897233459355,0.6,6.0
PAW PAW CUSD 271,59.0,57.46472954081001,27.23336926502188,38.5,45.706128703973064,19.990448469892584,40.98326366191937,42.28792801982505,36.79093864986659,0.7,7.0
PAWNEE CUSD 11,60.4,55.3,34.2,40.3,31.0505733132927,34.78752343330502,52.6,40.7811993812692,41.36845615251685,0.4,4.0
PAXTON-BUCKLEY-LODA CUD 10,45.8,38.3,22.6,39.0,30.8,21.2,22.0,29.085767848969837,5.429168181867075,0.2,2.0
PAYSON CUSD 1,45.6,35.1,32.123710119498426,30.7,27.0,25.5343067012786,38.29854254815606,35.8923324753712,43.78879121795328,0.5,5.0
PEARL CITY CUSD 200,44.7,28.0,27.699925341814676,42.1,32.0,37.027239977785,35.7,37.23124519189115,40.82787055640929,0.4,4.0
PECATONICA CUSD 321,53.7,48.9,31.4,58.1,47.7,49.6,54.65004481750759,49.93378396179123,49.58413250683156,0.3,3.0
PEKIN PSD 108,44.96666666666667,38.75,12.6,30.928571428571427,24.883333333333336,8.0,31.549999999999997,25.35,17.5,0.0,0.0
PEMBROKE CCSD 259,25.6,23.4,10.956145769284802,7.952227746123188,4.654848730351422,1.740842911524056,35.1,32.4,43.93293870540569,0.5,5.0
PENNOYER SD 79,54.2,46.3,46.36003161082089,36.7,32.8,33.37212551498651,39.3,42.1,43.220254499343135,0.3,3.0
PEORIA HEIGHTS CUSD 325,37.5,35.6,18.79880532291992,15.2,15.1,-4.722102124168451,12.9,8.323343845894243,9.810690550392142,0.4,4.0
PEORIA SD 150,29.73846153846154,26.884615384615383,35.766666666666666,21.184615384615384,17.73076923076923,42.274244297849876,8.399999999999999,19.52511447489895,26.022902774930003,0.3,3.0
PEOTONE CUSD 207U,56.5,62.820439005999845,29.685849434916168,52.1,51.25827140107022,43.94480029034318,47.4,61.57179548312053,37.91287946115576,0.6,6.0
PERU ESD 124,55.9,53.8,37.81495077599589,52.9,48.1,37.97708222867169,43.509958283395505,41.892184295008896,30.34343177435276,0.5,5.0
PIKELAND CUSD 10,27.3,23.0,11.3,10.8,7.6,2.8305134067066327,17.8,17.0,11.406715177560155,0.2,2.0
PINCKNEYVILLE SD 50,63.7,46.0,26.651194821182372,50.8,34.35,21.602038112690007,56.5,38.5,39.713570373745505,0.3,3.0
PLAINFIELD SD 202,58.76111111111111,46.37777777777778,32.523529411764706,47.81666666666666,34.47777777777778,28.54375,49.90555555555555,36.608333333333334,41.3875,0.0,0.0
PLANO CUSD 88,39.9,36.3,21.6,27.0,18.0,15.7,32.1,28.2,33.527155118388634,0.1,1.0
PLEASANT HILL CUSD 3,24.1,21.6,27.849978436660578,25.6,23.9,34.42512723992661,37.2,35.5040514350253,58.831264226186306,0.4,4.0
PLEASANT HILL SD 69,37.3,36.3,16.042056314702243,40.06956794311997,41.25825043220026,23.35849176257545,46.2,48.0,40.06068069069535,0.5,5.0
PLEASANT PLAINS CUSD 8,70.6,61.45853131747069,44.4,62.8,50.07574394274461,30.6,54.744586096528565,43.36198511481213,17.491786609272328,0.5,5.0
PLEASANT VALLEY SD 62,38.8,38.8,42.065179564818145,31.2,31.2,35.45853290577572,24.6,24.6,38.37765148267511,0.3,3.0
PLEASANTDALE SD 107,76.8,59.4,38.5,76.3,62.5,53.8,61.13370819917145,54.64840938346301,46.258121334923764,0.3,3.0
POLO CUSD 222,67.5,57.4,43.901591217726896,71.1,63.0,58.09872932050728,54.3,52.6,48.40198242026562,0.3,3.0
PONTIAC CCSD 429,36.4,30.5,23.049999999999997,27.15,20.549999999999997,32.1,31.7,20.6,34.76308637028844,0.1,1.0
PONTIAC-W HOLLIDAY SD 105,37.0,32.0,23.926601366424144,25.1,20.2,16.65258204573019,35.0,29.7,41.57500552589972,0.3,3.0
POPE CO CUD 1,49.1,41.3,39.20348462786752,37.0,27.2,24.697279386992776,32.2,32.4,29.46251296774586,0.3,3.0
PORTA CUSD 202,61.8,55.4,30.9,32.9,23.8,14.068422076581442,36.4,31.3,14.333272119410955,0.2,2.0
POSEN-ROBBINS ESD 143-5,51.3,56.46666666666667,24.23173611599336,40.233333333333334,42.23333333333333,25.141088336030965,25.0,25.2,14.487452328541707,0.3,3.0
POTOMAC CUSD 10,47.5,52.4,17.712020322345804,33.8,26.2,14.306921032432978,33.509842503505176,23.523166688314177,27.84886924897771,0.5,5.0
PRAIRIE CENTRAL CUSD 8,64.55,48.8,37.6,43.7,28.9,33.946857152125204,42.4,33.9,51.15149200238449,0.2,2.0
PRAIRIE CROSSING CHARTER SCHOOL,73.1,61.40590614232935,55.1,62.9,45.58899744970548,34.6,68.8,64.36453601443611,44.4,0.3,3.0
PRAIRIE DU ROCHER CCSD 134,67.6,66.7,59.17031727652652,59.2,40.0,54.29546231542704,58.366027283325934,48.69020853696302,55.60419739321666,0.5,5.0
PRAIRIE GROVE CSD 46,59.8,53.2,26.0,58.1,60.9,28.0,44.19514915849942,37.705627120492714,9.722437624839026,0.3,3.0
PRAIRIE HILL CCSD 133,82.1,88.9,65.7,79.8,77.8,68.6,57.463996409275346,53.512385579974946,49.86357523703076,0.3,3.0
PRAIRIE-HILLS ESD 144,28.75714285714286,28.514285714285712,21.124926174001345,19.21666666666667,18.683333333333337,16.12369401872847,11.810992257763846,20.868062967898993,19.21690523468114,0.5,5.0
PRAIRIEVIEW-OGDEN CCSD 197,59.45,52.04899974540834,44.65979771094302,58.150000000000006,51.992871124242605,49.21103323393044,57.7,50.05084542828477,60.04510085569552,0.6,6.0
PRINCETON ESD 115,57.7,50.0,25.8,56.3,46.9,25.8,51.951144561403375,35.27145754404859,16.787952520256617,0.3,3.0
PRINCEVILLE CUSD 326,43.8,31.4,37.516186810330396,46.5,32.0,36.368948467269725,52.3,31.571166660608903,46.50890963788082,0.4,4.0
PROPHETSTOWN-LYNDON-TAMPICO CUSD3,47.150000000000006,55.7,28.2,45.900000000000006,36.650000000000006,37.46290398424951,53.2,50.0,46.04938660189254,0.2,2.0
PROSPECT HEIGHTS SD 23,62.85,50.85,43.085496689184765,63.099999999999994,51.75,38.81444450264113,63.9,46.8,37.03013326652974,0.3,3.0
PUTNAM COUNTY CUSD 535,62.4,46.4,18.60900876679715,43.6,26.0,19.225583120790418,60.4,34.46233947669255,42.82003085524736,0.4,4.0
QUEEN BEE SD 16,54.95,47.55,26.1,42.650000000000006,33.85,21.043271858830998,37.952069659761065,26.970922914459752,19.429887369747266,0.4,4.0
QUINCY SD 172,43.58,35.58,21.5,35.78,26.119999999999997,21.15,35.239999999999995,29.32,23.74777792653142,0.1,1.0
R O W V A CUSD 208,61.2,52.4,34.9,41.6,34.1,26.643871384440132,76.7,66.7,81.44842600491074,0.2,2.0
RACCOON CONS SD 1,64.6,50.3,39.7,40.2,27.1,41.260688597325405,55.8,49.675704759716,36.29926240804762,0.3,3.0
RAMSEY CUSD 204,69.6,64.8,24.96430492802616,39.5,29.3,11.524741214448401,44.0,28.96638766602415,-16.649509985898387,0.4,4.0
RANKIN CSD 98,61.4,46.2,16.36621903115811,38.6,33.3,22.54783805827879,29.8,25.11961818295902,6.258202127882901,0.4,4.0
RANTOUL CITY SD 137,17.0,18.066666666666663,15.401896070629242,9.8,23.43849502171759,14.485631178778574,26.8,36.85832831566703,36.202718832807975,0.5,5.0
RED BUD CUSD 132,61.2,54.3,21.0,35.1,27.2,17.8,42.9,27.9,19.305170400924993,0.1,1.0
RED HILL CUSD 10,52.650000000000006,45.4,34.5,35.2,26.75,27.262309216049996,24.3,14.981043114815519,20.96931001021175,0.3,3.0
REED CUSTER CUSD 255U,59.0,53.5,21.7,46.6,34.5,21.7,46.5,39.1,6.7633979672830336,0.1,1.0
RHODES SD 84-5,42.4,39.2,1.098931280834094,22.6,18.9,6.149884883777911,25.9,20.3,2.625579479210125,0.3,3.0
RICHLAND COUNTY CUSD 1,58.0,50.9,15.2,46.7,37.5,12.7,35.9,30.0,0.3515531618914647,0.1,1.0
RICHLAND GSD 88A,57.8,51.8,23.8,34.2,26.8,19.0,56.1,42.7,31.7,0.0,0.0
RIDGELAND SD 122,59.575,55.1,39.5,49.075,43.45,47.921879076132825,37.0,28.166666666666668,39.958980963217506,0.2,2.0
RIDGEVIEW CUSD 19,44.6,40.4,21.573822567118526,30.7,24.4,22.67184107483676,45.0,52.6,29.575604657860453,0.3,3.0
RILEY CCSD 18,70.2,60.4,37.0,52.5,37.7,26.1,59.3,43.91796962442476,30.03899969165408,0.2,2.0
RIVER BEND CUSD 2,46.9,39.5,32.13051598287137,40.2,30.2,31.830454816456438,46.7,40.637940378408544,46.76929864624639,0.4,4.0
RIVER FOREST SD 90,90.65,86.03928351329812,70.5,82.7,70.90013002169277,52.6,83.30203335588311,71.82698493683807,62.16708361452302,0.5,5.0
RIVER GROVE SD 85-5,59.1,56.6,17.6,35.3,34.2,17.948021420554184,41.0,35.9,3.85893105776519,0.2,2.0
RIVER RIDGE CUSD 210,67.4,57.9,30.823718859136026,61.1,47.4,26.461710252303877,55.6,35.44505705268806,19.840053638092943,0.4,4.0
RIVER TRAILS SD 26,54.55,47.25,60.02857307510431,57.099999999999994,47.4,61.330694183816064,47.75,41.20393975343174,60.20969362328933,0.4,4.0
RIVERDALE CUSD 100,67.4,50.0,30.0,62.4,50.0,52.5,56.0,47.12776223818092,24.620732487847228,0.2,2.0
RIVERSIDE SD 96,76.425,44.75,34.5,75.30000000000001,54.8,37.0,61.975,40.59666073774668,39.18593184528373,0.2,2.0
RIVERTON CUSD 14,34.4,31.2,14.7,27.3,22.6,16.2,20.12789357800085,10.673732855731695,19.040190125988964,0.3,3.0
RIVERVIEW CCSD 2,33.3,23.7,19.317633713109473,18.5,12.87746989249885,17.628727330547086,27.0,12.873472174436754,43.37457953377755,0.5,5.0
ROANOKE BENSON CUSD 60,82.3,71.4,67.80965715473671,72.6,57.488585357231116,55.88062100430689,101.119968898817,82.9094070690747,73.99521894538647,0.6,6.0
ROBEIN SD 85,60.0,48.8,19.1835749550964,21.1,18.58271221461991,11.050338478127607,34.2,28.67368899267405,10.98341302023759,0.5,5.0
ROBINSON CUSD 2,44.2,34.5,18.9,33.3,24.1,17.6,23.4,16.339876060207803,44.06610273255636,0.2,2.0
ROCHELLE CCSD 231,28.95,23.5,12.552925138479814,25.1,18.45,16.83485805632418,27.5,16.3,38.33559102729683,0.3,3.0
ROCHESTER CUSD 3A,47.55,43.8,25.7,40.7,31.3,16.0,45.1,22.295476998640645,50.53181825073744,0.2,2.0
ROCK FALLS ESD 13,42.4,37.4,28.22245804753421,31.2,26.8,34.57129743213208,27.8,25.0,38.43938094924443,0.3,3.0
ROCK ISLAND SD 41,30.82222222222222,26.933333333333337,22.31931068417726,24.11111111111111,20.955555555555556,16.9,21.45,20.452977931755974,37.288354647798975,0.3,3.0
ROCKDALE SD 84,31.3,25.0,2.593257252925668,14.0,11.0,10.570766648914976,27.3,37.95274987596302,6.133362915038628,0.4,4.0
ROCKFORD SD 205,33.81333333333333,30.586666666666662,60.125,25.803571428571427,23.59259259259259,55.05,31.41111111111111,32.86153846153846,100.0,0.0,0.0
ROCKRIDGE CUSD 300,60.3,47.2,29.48456655857208,47.7,37.7,27.822725867897432,44.6,27.157518609451536,34.327362942440544,0.4,4.0
ROCKTON SD 140,66.8,53.8,38.8,65.0,46.1,35.7,63.7,52.5,33.3,0.0,0.0
ROME CCSD 2,58.5,54.7,18.94267290191153,33.3,20.9,10.64585668286341,52.6,46.2,20.46249264195158,0.3,3.0
RONDOUT SD 72,75.5,61.18382543798132,50.0,59.4,40.17934765243446,42.9,64.7,52.449725572104455,59.35454595875263,0.4,4.0
ROOKS CREEK CCSD 425,71.4,61.888838257800955,42.31991276271498,46.4,40.98769188182513,32.98312863262077,65.73896091456135,51.104531946260266,50.601529402110735,0.7,7.0
ROSELLE SD 12,81.3,73.3,52.9,72.1,60.5,44.1,54.9,35.5,53.09891971825116,0.1,1.0
ROSEMONT ESD 78,55.2,43.529912506860924,13.025220439342625,36.0,27.12202862280655,17.113162484140766,48.6,39.5587503641512,20.43394759933366,0.6,6.0
ROSSVILLE-ALVIN CUSD 7,48.1,41.3,11.68223078521645,24.9,19.2,4.889678715776543,17.6,14.212518852244362,-5.873296982955944,0.4,4.0
ROUND LAKE CUSD 116,25.9,23.766666666666666,10.041096013762168,13.733333333333333,12.466666666666669,4.825122377840135,20.766666666666666,19.033333333333335,6.495178785719151,0.3,3.0
ROXANA CUSD 1,38.5,31.9,16.5,32.6,23.6,14.9,30.4,24.6,18.148138962610595,0.1,1.0
RUTLAND CCSD 230,81.6,71.90982158987016,42.23003003199167,60.5,52.22875479479266,33.17131372226255,67.70463507456905,60.22374829665303,51.602569260821646,0.7,7.0
SALEM SD 111,55.8,48.55,22.9,41.099999999999994,34.35,20.45,45.6,34.8,39.839967801668905,0.1,1.0
SALT CREEK SD 48,58.1,39.0,53.947060997009416,65.7,48.8,52.904876530612356,67.5178965223388,44.95210769989858,69.2115041437765,0.5,5.0
SALT FORK COMMUNITY UNIT DISTRICT 512,46.8,45.4,34.44406444534083,36.7,31.9,25.707968568259805,39.1,36.33102223004174,25.644113913735563,0.4,4.0
SANDOVAL CUSD 501,26.1,22.9,30.6357215952443,17.4,19.403027779594115,22.55839505723761,40.54273769314613,38.308991213597054,44.20808986254971,0.6,6.0
SANDRIDGE SD 172,19.2,19.67111429198982,13.671708976093406,12.9,10.098350527501639,16.043365803901384,20.193026630332014,15.334676903633255,30.376551946434947,0.7,7.0
SANDWICH CUSD 430,59.425,59.7,28.6,63.725,55.06666666666666,23.4,43.8,35.9,31.0,0.0,0.0
SANGAMON VALLEY CUSD 9,64.7,60.3,43.55814879497194,52.6,51.3,41.50268040043062,56.8,54.2,36.61912748012198,0.3,3.0
SARATOGA CCSD 60C,66.1,54.4,32.5,48.5,36.4,29.8,53.8,42.6,31.4,0.0,0.0
SAUNEMIN CCSD 438,48.5,47.5,30.440259229035252,30.9,30.0,8.476342021258429,52.6,53.477241794199884,41.08739764792095,0.4,4.0
SCALES MOUND CUSD 211,61.8,60.91825361116256,49.246200291224426,65.5,53.41238060711856,48.12250589737021,61.27480576987439,51.845207514151994,54.69551524654257,0.7,7.0
SCHAUMBURG CCSD 54,65.38636363636364,48.575,33.54210526315789,54.89090909090908,33.05625,29.933333333333337,46.45454545454545,25.027816875397026,18.169610479955494,0.2,2.0
SCHILLER PARK SD 81,54.3,47.95,28.6,46.5,41.0,37.09681771331287,28.6,25.0,16.696903635675582,0.2,2.0
SCHUYLER-INDUSTRY CUSD 5,33.3,28.95,16.08638308312653,29.700000000000003,23.6,6.001463870671287,30.5,23.3,25.165446385917896,0.3,3.0
SCOTT-MORGAN CUSD 2,51.7,38.06252488297201,28.880198842720585,51.7,40.67375264598028,30.740657350458964,37.54485433968859,28.32787656723889,32.59589575016712,0.7,7.0
SD 45 DUPAGE COUNTY,49.48,37.8,41.95,49.239999999999995,34.18,34.266666666666666,37.739999999999995,27.832027792426892,46.11801712127479,0.2,2.0
SD U-46,42.544736842105266,34.53684210526316,27.865,34.86842105263158,26.407894736842103,25.87222222222222,36.0,34.06666666666667,30.833683637251305,0.1,1.0
SELMAVILLE CCSD 10,45.6,35.8,22.85193939290658,16.8,6.175859405419289,9.661650404246744,26.395504644688,15.382827136421486,25.46587970691209,0.6,6.0
SENECA CCSD 170,67.3,49.8,33.44447953639967,54.8,41.5,46.80832161137855,58.35788593383051,42.09280827175775,29.196475657642615,0.5,5.0
SERENA CUSD 2,43.25,41.73298272236312,40.32189150688892,46.05,39.647541393329476,47.03621484255614,26.05525102136094,39.162618070008975,40.75378847872512,0.7,7.0
SESSER-VALIER CUSD 196,60.9,52.9,47.749067601966026,66.4,59.7,46.55877135712447,54.8,48.6,56.64108345098029,0.3,3.0
SHAWNEE CUSD 84,20.4,26.51161531791547,10.674237695664916,5.2400663191486485,10.29581770644953,-6.14780396098109,15.033725661215891,22.15461041295437,12.923841624115475,0.8,8.0
SHELBYVILLE CUSD 4,71.85,67.15,26.3,55.7,44.5,24.042907489735345,47.2,35.8,0.7765933213017053,0.2,2.0
SHERRARD CUSD 200,48.26666666666667,44.7,22.90996882236589,38.36666666666667,36.35779109291375,14.473440345011293,39.3,26.57908497742344,20.71231782261062,0.5,5.0
SHILOH CUSD 1,38.3,28.8,17.318292990174793,27.3,23.10642928101417,22.65569240289083,30.3,33.39270189892468,34.51505561582868,0.5,5.0
SHILOH VILLAGE SD 85,63.9,54.2,36.260600133688634,47.5,39.31372188166829,36.91640383347334,66.39568042548557,61.31667894648672,36.45043534938527,0.6,6.0
SHIRLAND CCSD 134,81.7,85.7,52.575893765360185,57.7,55.37657173478678,32.87155836875996,63.6,58.365330001155094,18.01179200371814,0.5,5.0
SIGNAL HILL SD 181,45.2,34.9,23.07436351061417,31.0,21.7,14.2287488403611,33.3,31.4,33.32507319956295,0.3,3.0
SILVIS SD 34,43.0,38.1,24.400350542411857,21.9,19.0,16.512038334341966,30.4,26.1,24.84883633331971,0.3,3.0
SKOKIE SD 68,55.333333333333336,45.96666666666667,31.9,46.2,34.5,30.2,47.03333333333334,32.6,29.573037040119857,0.1,1.0
SKOKIE SD 69,44.8,36.6,17.7,41.7,29.1,22.1,35.1,26.3,21.95210674751521,0.1,1.0
SKOKIE SD 73-5,64.2,52.5,36.5,53.1,42.6,19.7,53.2,41.9,34.5,0.0,0.0
SMITHTON CCSD 130,77.0,61.9,34.8,54.8,26.2,22.7,73.4,50.3021019701345,33.469837316336154,0.2,2.0
SOMONAUK CUSD 432,52.3,42.2,38.84859510201799,43.9,26.7,22.433292130506935,41.83257963572035,38.61731145385282,36.09960610245035,0.5,5.0
SOUTH CENTRAL CUD 401,43.0,34.3,28.68719088015196,31.9,24.3,33.534083455550984,30.4,18.513457965089415,32.48804738231028,0.4,4.0
SOUTH FORK SD 14,34.4,29.5,14.923099555612595,21.3,22.552980158468817,28.4316451986741,34.0632904812816,34.58163927480845,32.73139734105356,0.6,6.0
SOUTH HOLLAND SD 150,34.25,32.349999999999994,19.37941997288967,26.75,24.1,19.415524953613982,23.9,15.9,17.03208833172158,0.3,3.0
SOUTH HOLLAND SD 151,40.0,40.0,21.279883890981736,39.8,39.8,16.371960740926312,32.4,32.4,18.04749238088776,0.3,3.0
SOUTH PEKIN SD 137,20.4,26.810961335315554,26.67969256452183,12.0,20.022146971114697,23.34209526611909,28.9,33.05508242591598,45.402164026363614,0.6,6.0
SOUTH WILMINGTON CCSD 74,50.0,41.77481024522463,42.787357920326706,44.0,31.71727981710149,36.94736520539025,73.7,67.50238690533416,71.30391316450324,0.6,6.0
SOUTHEASTERN CUSD 337,46.2,36.7,29.00845237074732,24.6,16.5,14.585257716526288,40.0,34.71876177875028,16.918473399867015,0.4,4.0
SOUTHWESTERN CUSD 9,69.94999999999999,60.1,45.69684345656714,43.5,36.150000000000006,31.20892014559628,50.4,42.7,18.849608327510975,0.3,3.0
SPARTA CUSD 140,40.7,38.1,12.676680153722485,26.549999999999997,19.1,1.2902990846884625,39.05,23.0,17.021141610819374,0.3,3.0
SPOON RIVER VALLEY CUSD 4,65.3,62.1,55.51633701668976,65.3,62.1,54.19566214219034,71.4,69.41035656939601,58.16859042952278,0.4,4.0
SPRING GARDEN COMMUNITY CONSOLIDATED SCHOOL DISTRICT 178,46.6,34.6,34.01281000910927,25.1,15.828592561432872,10.399275199167732,23.9,12.22628889471369,27.274992486943443,0.5,5.0
SPRING LAKE CCSD 606,79.4,66.67965278612638,42.25126451605732,64.7,58.43284286611643,34.50912194035729,71.53218863549606,68.73235787906187,45.19729764094741,0.7,7.0
SPRING VALLEY CCSD 99,37.4,33.6,17.5,23.2,18.4,15.6,32.5,31.4,13.65653721088173,0.1,1.0
SPRINGFIELD SD 186,36.19130434782608,34.77368421052632,45.7,25.354999999999997,20.28235294117647,39.86666666666667,39.26153846153846,45.32,51.758602879302934,0.1,1.0
ST CHARLES CUSD 303,75.01818181818182,61.054545454545455,48.63636363636363,69.0,54.445454545454545,44.154545454545456,61.02727272727272,28.6,55.36,0.0,0.0
ST ELMO CUSD 202,58.3,54.2,49.94525814899707,43.6,36.7,43.94615988264762,48.3,46.4406602796011,60.3362631435428,0.4,4.0
ST GEORGE CCSD 258,63.6,54.4,36.5,54.5,38.5,34.9,49.9,38.816917795140434,40.20455190499799,0.2,2.0
ST JOSEPH CCSD 169,69.3,50.0,57.1,77.3,55.9,64.3,76.23187664859101,43.76354899336644,61.855387055991514,0.3,3.0
ST LIBORY CONS SD 30,43.6,35.7832549402794,24.113451796069178,41.0,33.965638176244276,32.85650225210136,56.08481445742355,58.68858885551641,66.94650122903292,0.7,7.0
ST ROSE SD 14-15,66.3,68.2,60.13266214331959,57.1,56.88779753818558,67.14880881330791,80.0,83.2429082250814,74.4568404826445,0.5,5.0
ST. ANNE UNIT DISTRICT 24,57.8,57.8,49.80752235258912,37.9,37.9,34.5,43.9,43.9,33.97249265914583,0.2,2.0
STARK COUNTY CUSD 100,32.6,30.9,28.200516126406974,23.0,17.3,28.806271973806155,42.2,27.70276443148162,57.39781081532781,0.4,4.0
STAUNTON CUSD 6,66.0,50.0,31.7,48.8,31.9,20.6,47.3,35.3,27.225945518766643,0.1,1.0
STEELEVILLE CUSD 138,39.2,22.9,24.108870054229858,27.1,15.7,14.720518502347854,36.4,33.94690962791457,36.98749105444732,0.4,4.0
STEGER SD 194,31.5,28.4,12.619313730744919,32.0,31.6,16.9,35.920401801816965,40.363033802069886,17.743221027391087,0.4,4.0
STERLING CUSD 5,46.0,38.7,15.1,41.05,33.45,25.662009533130508,35.7,25.049999999999997,22.863438335713138,0.2,2.0
STEWARD ESD 220,38.2,24.712448479647186,36.585211236778264,55.9,43.868018707286105,48.25973281329085,68.8,63.26239971615984,59.9743241898605,0.6,6.0
STEWARDSON-STRASBURG CUD 5A,62.0,44.4,41.09264063814661,50.3,32.1,29.402005802009388,60.6,51.9,46.58649841385295,0.3,3.0
STOCKTON CUSD 206,75.8,76.0,45.293685868538276,62.6,50.0,31.02107558117134,51.3,48.58277317610034,43.59987025173976,0.4,4.0
STREATOR ESD 44,30.0,26.9,19.05496858939066,35.0,30.1,17.181080480778302,50.12261666854148,43.35158847531853,46.20509968054422,0.5,5.0
SULLIVAN CUSD 300,66.9,54.8,39.39774288710738,42.0,31.6,27.62286668152468,44.4,37.5,22.65705385467301,0.3,3.0
SUMMERSVILLE SD 79,67.0,50.8,47.4,56.2,42.9,36.8,61.1,43.70076808579811,56.04602567882309,0.2,2.0
SUMMIT HILL SD 161,69.60000000000001,60.333333333333336,44.1,64.83333333333333,47.96666666666667,42.63333333333333,60.3,50.0,32.3,0.0,0.0
SUMMIT SD 104,45.775,47.0,39.79029083288512,34.525,35.45,40.31425091070028,31.023325919725707,25.2696561497332,46.30012088025099,0.5,5.0
SUNNYBROOK SD 171,30.6,30.2,26.952545760890864,18.0,16.3,19.561608714935957,40.965498375205435,54.75467997620859,49.888885386626725,0.5,5.0
SUNSET RIDGE SD 29,84.65,72.7830570817748,68.5,81.55,62.71412550106512,63.0,76.0,60.10747252495313,60.0,0.3,3.0
SYCAMORE CUSD 427,54.66,43.05,29.6,51.04,46.5,32.15,49.98,33.3,33.309053545060245,0.1,1.0
TAFT SD 90,43.9,33.5,25.4,33.9,26.0,25.279424440920216,24.6,21.365389226104504,12.534901246572293,0.3,3.0
TAMAROA SCHOOL DIST 5,50.2,46.1,34.11786650489271,39.3,35.3,36.1160901155618,41.34637839825792,47.94725291294815,39.47469327374495,0.5,5.0
TAYLORVILLE CUSD 3,39.9,36.6,16.9,30.6,27.4,14.3,41.074942353746,32.03253280520635,29.71077943259841,0.3,3.0
TEUTOPOLIS CUSD 50,83.0,75.0,51.6,72.3,62.5,38.7,60.8,41.867396211468034,28.65094776071402,0.2,2.0
THOMASBORO CCSD 130,33.0,25.0,33.619401714560986,26.6,20.0,32.179248559938465,55.6,51.52497626177663,68.52342871377424,0.4,4.0
THOMPSONVILLE CUSD 174,48.8,48.6,16.68540978223323,15.7,18.304419688542403,21.15541691401684,37.88553304549087,41.5432152551147,33.7651651788171,0.6,6.0
THORNTON SD 154,42.7,41.9,28.63938435543443,33.3,34.0,30.83302646323746,41.5,43.8,32.517363390936715,0.3,3.0
TOLONO CUSD 7,65.80000000000001,60.400000000000006,36.5,58.1,53.6,35.7,66.95,57.7,33.144750720420504,0.1,1.0
TONICA CCSD 79,40.3,37.9,25.540550362744977,15.1,10.31659561392995,21.340669526604188,38.81175706520248,32.217459999283776,56.48753920698654,0.6,6.0
TREMONT CUSD 702,68.6,62.1,26.423976906698833,55.1,55.2,24.92786467395642,55.065221904147464,51.956722901987405,57.25264622298053,0.5,5.0
TRI CITY CUSD 1,60.4,38.0,32.14181284228941,63.4,44.5,41.80924090675584,56.8,35.47047200739094,35.70295156384912,0.4,4.0
TRI POINT CUSD 6-J,50.0,47.7,27.9,45.1,44.1,25.6,47.6,43.6,30.58619980305919,0.1,1.0
TRI VALLEY CUSD 3,88.8,78.38779538588436,64.30312053018301,82.5,67.39669565797072,61.6796327830935,81.55305675312232,63.47953238890244,67.28965190825967,0.7,7.0
TRIAD CUSD 2,67.2,51.93333333333334,30.5,55.45,39.766666666666666,26.25,59.025,62.5,45.37835898229511,0.1,1.0
TRICO CUSD 176,43.8,31.9,36.20852561333101,25.6,16.7,19.856842560645347,36.5,31.6,30.378374384156558,0.3,3.0
TRIOPIA CUSD 27,81.6,66.7,53.93713624131928,66.7,56.3,42.83644013571453,63.2,42.4372546553646,27.639366051586812,0.4,4.0
TROY CCSD 30C,56.333333333333336,45.416666666666664,21.9,49.46666666666667,38.81666666666667,8.6,39.2,27.1,36.80865825491201,0.1,1.0
TUSCOLA CUSD 301,45.8,37.3,21.34033547689868,29.0,21.44279106350084,17.58088074448493,40.74862295088378,36.19838505998252,37.58718018907376,0.6,6.0
UNION RIDGE SD 86,69.8,63.8,29.2,51.6,46.5,13.9,51.9,42.3,27.5361004904707,0.1,1.0
UNION SD 81,69.7,60.0,32.07415162188443,60.7,45.0,34.48599622843025,59.3,45.26828379751221,38.4714291999725,0.4,4.0
UNITED CUSD 304,52.23333333333333,48.2,31.939521634436872,44.76666666666667,37.150000000000006,29.872975564559024,55.9,48.0,50.82523741839521,0.3,3.0
UNITY POINT CCSD 140,62.5,50.5,21.3,38.5,26.0,20.56924052949259,57.4,34.9,24.342913783166253,0.2,2.0
URBANA SD 116,20.22,12.025,20.0,15.96,11.0,19.6,31.066666666666663,31.4,46.0728848920819,0.1,1.0
V I T CUSD 2,33.3,39.3,25.116538226594628,33.64298804097531,40.5354126349525,32.855036167737474,20.99668040518924,23.792932749597238,45.45160834705473,0.7,7.0
VALLEY VIEW CUSD 365U,55.26666666666667,49.125,25.26,43.89166666666667,37.80833333333333,25.64444444444445,31.258333333333336,30.1375,13.214119860662427,0.1,1.0
VALMEYER CUSD 3,42.2,40.614542169799876,8.762228480024412,28.1,29.889029356812813,11.723907242256596,18.42114127726243,17.37982315896532,12.926268756518802,0.7,7.0
VANDALIA CUSD 203,49.400000000000006,36.45,13.7,38.45,27.65,10.1,38.3,26.0,15.593837488270566,0.1,1.0
VENICE CUSD 3,44.172069509958824,27.89828437460603,31.361252354881355,32.115630093898766,17.78206716349655,25.06756471537084,49.53743265254482,40.723038135821,64.99639254539076,0.9,9.0
VIENNA SD 55,67.3,59.2,39.2,28.6,22.5,20.6,35.7,32.6,31.34356603566204,0.1,1.0
VILLA GROVE CUSD 302,56.3,47.1,34.35798055045353,43.1,35.6,15.247149383159973,48.8,37.0,23.801978642743084,0.3,3.0
VIRGINIA CUSD 64,44.3,40.0,37.59667333746274,43.6,38.6,40.0,43.45570807276764,38.02961517052424,29.343949429134575,0.4,4.0
W HARVEY-DIXMOOR PSD 147,26.4,28.2,14.48601054220654,10.2,12.0,6.310444263129432,35.145274385755584,43.41636852005531,20.704513560360898,0.5,5.0
WABASH CUSD 348,54.1,45.6,16.7,41.2,32.3,15.4,45.4,36.7,33.51891720356912,0.1,1.0
WALLACE CCSD 195,70.1,60.0,26.0,55.7,37.3,20.0,47.8,50.0,27.51927110071679,0.1,1.0
WALTHAM CCSD 185,70.5,61.9,36.25287716422836,45.9,47.6,43.95790600004431,49.1,39.52437411482947,23.071587919319718,0.4,4.0
WALTONVILLE CUSD 1,56.1,53.5,41.649870282934664,28.8,19.7,18.142754334846618,36.7,18.394770729061225,36.70685915964615,0.4,4.0
WARREN CUSD 205,84.6,77.2,51.71756819492382,77.7,72.4,47.173060596124124,48.1,45.285173339414996,11.160963462970994,0.4,4.0
WARRENSBURG-LATHAM CUSD 11,66.2,56.9,33.3,57.1,42.2,24.4,43.8,31.3,36.46258310601651,0.1,1.0
WARSAW CUSD 316,35.8,39.1,17.28457261221121,27.5,23.9,18.4873407149899,42.4,51.45379266300192,30.071973861636828,0.4,4.0
WASHINGTON SD 52,66.9,49.0,23.779791610317517,63.5,44.9,30.3,57.82638946966266,38.87000926742347,25.225017377842534,0.4,4.0
WATERLOO CUSD 5,71.0,53.75,39.55,70.05000000000001,51.099999999999994,35.2,62.1,61.0,36.84835292038091,0.1,1.0
WAUCONDA CUSD 118,58.73333333333333,44.36666666666667,30.23333333333333,52.46666666666667,38.36666666666667,28.133333333333336,51.2,38.333333333333336,33.3,0.0,0.0
WAUKEGAN CUSD 60,27.546666666666667,24.42,26.2,24.753333333333337,22.86,47.6,28.828571428571426,30.25,54.424153092937786,0.1,1.0
WAVERLY CUSD 6,27.5,21.2,14.58615009530563,15.4,8.505434956401741,12.157959915369808,36.90202347451837,40.27458513883754,41.20750785891962,0.6,6.0
WAYNE CITY CUSD 100,66.0,57.9,27.819708850518772,51.6,46.3,37.38695919784338,34.3,28.244132194971275,23.52527069903605,0.4,4.0
WESCLIN CUSD 3,65.76666666666667,51.26666666666667,35.2,62.76666666666667,45.75,35.8,53.3,33.3,23.2,0.0,0.0
WEST CARROLL CUSD 314,39.3,36.7,16.39448868452133,29.8,23.9,15.949590539459727,26.0,25.184565716667173,26.80387715231874,0.4,4.0
WEST CENTRAL CUSD 235,31.0,25.3,26.859602429264285,28.1,23.1,28.67275666352213,41.5,30.8,47.912711310347454,0.3,3.0
WEST CHICAGO ESD 33,34.96,29.76,10.771966303974045,30.02,25.119999999999997,11.59644902544966,27.35,35.0,22.13014880094768,0.3,3.0
WEST LINCOLN-BROADWELL ESD 92,69.8,62.5,25.40564377795803,50.8,50.0,29.334442237317614,38.5,44.765610504784405,14.45085126651777,0.4,4.0
WEST NORTHFIELD SD 31,63.6,46.2,27.0,61.7,45.1,28.6,56.1,40.7,44.16287452831612,0.1,1.0
WEST PRAIRIE CUSD 103,47.75,45.8,34.7957699349838,29.9,36.6,38.15621106814794,47.8,43.741639942501415,64.69248088275542,0.4,4.0
WEST WASHINGTON CO CUD 10,66.0,50.0,40.91782690593162,54.1,31.8,30.017757860930278,61.5,34.45039746931516,46.209756669003106,0.4,4.0
WESTCHESTER SD 92-5,41.3,32.3,19.306099881119795,39.4,30.8,19.4,27.9,22.0,15.209095492626908,0.2,2.0
WESTERN CUSD 12,48.7,34.3,15.397333815096465,32.8,17.1,20.597325387864313,47.150107826100566,37.9162980780985,27.57047500842097,0.5,5.0
WESTERN SPRINGS SD 101,80.2,64.09357392267209,54.93333333333334,74.7,54.91713592165142,51.833333333333336,64.26666666666667,43.55646088209916,48.18999627374226,0.4,4.0
WESTVILLE CUSD 2,36.0,33.1,11.9,24.0,17.4,6.838876914346792,36.7,32.7,15.165196257676778,0.2,2.0
WETHERSFIELD CUSD 230,57.9,51.3,25.546594156782206,37.2,24.4,21.60912204353634,62.5,51.79736256566687,50.97953347743204,0.4,4.0
WHEELING CCSD 21,35.97777777777778,27.9,32.2,35.94444444444444,29.377777777777776,37.75,37.233333333333334,32.980000000000004,41.0,0.0,0.0
WHITESIDE SD 115,39.9,34.3,20.3,34.6,24.3,18.6,35.26172616336223,36.3942985534456,24.171903910834256,0.3,3.0
WILL COUNTY SD 92,67.65,49.75,41.79143543962147,55.349999999999994,41.05,44.54348256975595,51.2,39.2,29.408515602868746,0.3,3.0
WILLIAMSFIELD CUSD 210,81.8,60.03576277441615,70.1227845076723,75.8,55.00356972291589,67.08564992978759,90.36904568946652,75.93165212771862,83.73648702687244,0.7,7.0
WILLIAMSVILLE CUSD 15,71.9,59.4,35.0,64.8,53.1,37.5,55.862099380321524,50.27269304749076,47.56569959244055,0.3,3.0
WILLOW GROVE SD 46,40.8,39.8,28.683160499716795,43.2,47.3,41.6,46.90002979556322,50.28210527421101,44.50069017375182,0.4,4.0
WILLOW SPRINGS SD 108,51.6,44.4,38.78595038323368,36.0,26.4,38.13385629109516,34.1,25.4,39.36460270455789,0.3,3.0
WILMETTE SD 39,85.46000000000001,55.6,72.0,82.74,55.090211239093456,71.38,71.0,43.24263841822116,56.8,0.2,2.0
WILMINGTON CUSD 209U,49.3,31.9,23.959817416954035,53.7,41.0,19.6,40.8,32.7,26.86666219746697,0.2,2.0
WINCHESTER CUSD 1,59.1,53.0,22.5,36.1,29.1,19.7,46.8,52.8,7.521924861053645,0.1,1.0
WINDSOR CUSD 1,46.0,38.6,17.26396259271994,39.0,36.4,13.683515236592012,57.750866455789996,44.906554944022844,36.41774370634311,0.5,5.0
WINFIELD SD 34,54.0,33.3,31.1,45.5,24.1,24.4,55.1,31.431118968305377,45.40313603497432,0.2,2.0
WINNEBAGO CUSD 323,51.0,40.3,25.3,44.3,32.5,22.4,44.0,43.9,25.403056162848724,0.1,1.0
WINNETKA SD 36,85.425,58.8469478298009,64.5,83.1,61.71704710594751,60.875,73.7,58.196370560179034,50.0,0.3,3.0
WINTHROP HARBOR SD 1,33.1,24.5,27.408957017042628,43.0,41.7,37.701385520870076,36.60854397473315,33.05201846674136,38.3932080210334,0.5,5.0
WOLF BRANCH SD 113,75.8,60.6,46.7,76.9,72.7,55.6,57.285859689422004,43.53633583667675,53.92417521011804,0.3,3.0
WOOD DALE SD 7,39.2,39.2,19.6,33.6,31.4,19.2,38.9,35.1,51.134484002397585,0.1,1.0
WOOD RIVER-HARTFORD ESD 15,42.0,38.900000000000006,12.92908591044241,28.0,27.9,7.685020406025133,27.0,20.331378018184665,12.509225398272605,0.4,4.0
WOODLAND CCSD 50,47.3,31.9,27.5,35.900000000000006,21.35,20.35,38.3,24.0,16.7,0.0,0.0
WOODLAND CUSD 5,33.2,23.5,17.324414532054078,34.2,21.0,21.2,29.1,28.281315602690213,34.91956051662057,0.3,3.0
WOODLAWN UNIT SCHOOL DISTRICT 209,52.2,46.7,27.3,44.7,29.5,22.7,47.2,38.7,37.65780559012964,0.1,1.0
WOODRIDGE SD 68,63.13333333333333,46.28333333333333,37.0,48.56666666666666,31.483333333333334,30.6,42.483333333333334,29.98581522722759,38.06686884318417,0.2,2.0
WOODSTOCK CUSD 200,63.70000000000001,53.7,30.175,39.93333333333333,28.566666666666663,34.0,36.55,29.2,18.45374760831585,0.1,1.0
WORTH SD 127,42.45,42.8,24.0,29.5,29.8,24.463475859883275,28.0,28.95,24.735975859803336,0.2,2.0
YORKVILLE CUSD 115,53.48571428571428,41.220000000000006,28.525,49.028571428571425,34.06666666666667,29.85,40.325,26.0,35.126485101469996,0.1,1.0
ZEIGLER-ROYALTON CUSD 188,40.2,34.9,16.99088238201706,20.5,17.4,14.592139933180718,27.0,16.961994063966955,18.808757081418463,0.4,4.0
ZION ESD 6,15.8,15.25,6.37841151946029,7.35,6.6499999999999995,-3.132355013597885,18.1,15.2,25.46632417165335,0.3,3.0
